Schlüsselnummer;Name der Regionaleinheit;Zahl der ausgewerteten Stimmkreise;Zahl der Stimmkreise insgesamt;Stand Tagesdatum;Stand Uhrzeit;Stimmberechtigte;Wähler;Wahlbeteiligung in %;Veränderung der Wahlbeteiligung gegenüber 2018 in %-P.;abgegebene Erststimmen insgesamt 2023;abgegebene Erststimmen insgesamt 2018;gültige Erststimmen insgesamt 2023;gültige Erststimmen insgesamt 2018;ungültige Erststimmen 2023;ungültige Erststimmen 2018;abgegebene Zweitstimmen insgesamt 2023;abgegebene Zweitstimmen insgesamt 2018;gültige Zweitstimmen insgesamt 2023;gültige Zweitstimmen insgesamt 2018;ungültige Zweitstimmen 2023;ungültige Zweitstimmen 2018;abgegebene Gesamtstimmen insgesamt 2023;abgegebene Gesamtstimmen insgesamt 2018;gültige Gesamtstimmen insgesamt 2023;gültige Gesamtstimmen insgesamt 2018;ungültige Gesamtstimmen 2023;ungültige Gesamtstimmen 2018;Parteiname;Erststimmen CSU 2023;Erststimmen CSU 2018;Zweitstimmen CSU 2023;Zweitstimmen CSU 2018;Gesamtstimmen CSU 2023;Gesamtstimmen CSU 2018;Parteiname;Erststimmen GRÜNE 2023;Erststimmen GRÜNE 2018;Zweitstimmen GRÜNE 2023;Zweitstimmen GRÜNE 2018;Gesamtstimmen GRÜNE 2023;Gesamtstimmen GRÜNE 2018;Parteiname;Erststimmen FREIE WÄHLER 2023;Erststimmen FREIE WÄHLER 2018;Zweitstimmen FREIE WÄHLER 2023;Zweitstimmen FREIE WÄHLER 2018;Gesamtstimmen FREIE WÄHLER 2023;Gesamtstimmen FREIE WÄHLER 2018;Parteiname;Erststimmen AfD 2023;Erststimmen AfD 2018;Zweitstimmen AfD 2023;Zweitstimmen AfD 2018;Gesamtstimmen AfD 2023;Gesamtstimmen AfD 2018;Parteiname;Erststimmen SPD 2023;Erststimmen SPD 2018;Zweitstimmen SPD 2023;Zweitstimmen SPD 2018;Gesamtstimmen SPD 2023;Gesamtstimmen SPD 2018;Parteiname;Erststimmen FDP 2023;Erststimmen FDP 2018;Zweitstimmen FDP 2023;Zweitstimmen FDP 2018;Gesamtstimmen FDP 2023;Gesamtstimmen FDP 2018;Parteiname;Erststimmen DIE LINKE 2023;Erststimmen DIE LINKE 2018;Zweitstimmen DIE LINKE 2023;Zweitstimmen DIE LINKE 2018;Gesamtstimmen DIE LINKE 2023;Gesamtstimmen DIE LINKE 2018;Parteiname;Erststimmen BP 2023;Erststimmen BP 2018;Zweitstimmen BP 2023;Zweitstimmen BP 2018;Gesamtstimmen BP 2023;Gesamtstimmen BP 2018;Parteiname;Erststimmen ÖDP 2023;Erststimmen ÖDP 2018;Zweitstimmen ÖDP 2023;Zweitstimmen ÖDP 2018;Gesamtstimmen ÖDP 2023;Gesamtstimmen ÖDP 2018;Parteiname;Erststimmen Die PARTEI 2023;Erststimmen Die PARTEI 2018;Zweitstimmen Die PARTEI 2023;Zweitstimmen Die PARTEI 2018;Gesamtstimmen Die PARTEI 2023;Gesamtstimmen Die PARTEI 2018;Parteiname;Erststimmen Tierschutzpartei 2023;Erststimmen Tierschutzpartei 2018;Zweitstimmen Tierschutzpartei 2023;Zweitstimmen Tierschutzpartei 2018;Gesamtstimmen Tierschutzpartei 2023;Gesamtstimmen Tierschutzpartei 2018;Parteiname;Erststimmen V-Partei³ 2023;Erststimmen V-Partei³ 2018;Zweitstimmen V-Partei³ 2023;Zweitstimmen V-Partei³ 2018;Gesamtstimmen V-Partei³ 2023;Gesamtstimmen V-Partei³ 2018;Parteiname;Erststimmen PdH 2023;Erststimmen PdH 2018;Zweitstimmen PdH 2023;Zweitstimmen PdH 2018;Gesamtstimmen PdH 2023;Gesamtstimmen PdH 2018;Parteiname;Erststimmen dieBasis 2023;Erststimmen dieBasis 2018;Zweitstimmen dieBasis 2023;Zweitstimmen dieBasis 2018;Gesamtstimmen dieBasis 2023;Gesamtstimmen dieBasis 2018;Parteiname;Erststimmen Volt 2023;Erststimmen Volt 2018;Zweitstimmen Volt 2023;Zweitstimmen Volt 2018;Gesamtstimmen Volt 2023;Gesamtstimmen Volt 2018;Parteiname;Erststimmen Sonstige 2018 2023;Erststimmen Sonstige 2018 2018;Zweitstimmen Sonstige 2018 2023;Zweitstimmen Sonstige 2018 2018;Gesamtstimmen Sonstige 2018 2023;Gesamtstimmen Sonstige 2018 2018;
100;Landeshauptstadt München;9;9;24.10.2023;13:00;910084;629196;69,1;-3,6;628967;661869;622358;658182;6609;3687;628869;661684;619851;655115;9018;6569;1257836;1323553;1242209;1313297;15627;10256;CSU;178874;163985;175407;161173;354281;325158;GRÜNE;191840;204068;189836;204538;381676;408606;FREIE WÄHLER;42682;40688;43800;39903;86482;80591;AfD;44461;42652;43888;42229;88349;84881;SPD;75830;86395;74574;82284;150404;168679;FDP;37007;57541;37936;57434;74943;114975;DIE LINKE;12297;30140;12565;31363;24862;61503;BP;3039;7147;2817;6144;5856;13291;ÖDP;10551;11803;10340;10737;20891;22540;Die PARTEI;6717;2262;6668;3470;13385;5732;Tierschutzpartei;6163;3142;6015;4606;12178;7748;V-Partei³;793;1611;1242;1403;2035;3014;PdH;720;X;2224;1141;2944;1141;dieBasis;2907;X;4016;X;6923;X;Volt;8477;X;8523;X;17000;X;Sonstige 2018;X;6748;X;8690;X;15438;
500;Kreisfreie Stadt Nürnberg;1;1;24.10.2023;13:00;329749;217608;66,0;-1,5;217521;229453;215616;227216;1905;2237;217502;229390;215739;227018;1763;2372;435023;458843;431355;454234;3668;4609;CSU;78618;75110;83271;79921;161889;155031;GRÜNE;44937;47780;44095;47240;89032;95020;FREIE WÄHLER;12634;9663;10809;8693;23443;18356;AfD;28622;22518;27119;21608;55741;44126;SPD;28594;34838;27013;31587;55607;66425;FDP;6418;11207;5922;10832;12340;22039;DIE LINKE;7694;15151;7315;15704;15009;30855;BP;1203;741;766;613;1969;1354;ÖDP;3554;2771;2838;2676;6392;5447;Die PARTEI;X;721;X;2181;X;2902;Tierschutzpartei;1085;X;3407;X;4492;X;V-Partei³;X;997;X;830;X;1827;PdH;X;X;1229;X;1229;X;dieBasis;2257;X;1955;X;4212;X;Volt;X;X;X;X;X;X;Sonstige 2018;X;5719;X;5133;X;10852;
700;Kreisfreie Stadt Augsburg;1;1;24.10.2023;13:00;184641;119229;64,6;-0,0;119223;121701;118359;120843;864;858;119178;121680;117886;120060;1292;1620;238401;243381;236245;240903;2156;2478;CSU;35989;37433;35744;36876;71733;74309;GRÜNE;24880;29518;24507;28902;49387;58420;FREIE WÄHLER;10009;9040;10469;8877;20478;17917;AfD;18188;13719;17849;13307;36037;27026;SPD;13438;12920;12878;13236;26316;26156;FDP;4114;6612;4147;6471;8261;13083;DIE LINKE;2858;6616;3174;6150;6032;12766;BP;771;1382;644;1240;1415;2622;ÖDP;1826;1383;1661;1308;3487;2691;Die PARTEI;3884;907;3525;1672;7409;2579;Tierschutzpartei;X;X;1094;X;1094;X;V-Partei³;745;824;592;842;1337;1666;PdH;X;X;X;X;X;X;dieBasis;1657;X;1602;X;3259;X;Volt;X;X;X;X;X;X;Sonstige 2018;X;489;X;1179;X;1668;
901;Oberbayern;31;31;24.10.2023;13:00;3202411;2349508;73,4;-1,3;2348972;2390955;2325422;2372782;23550;18173;2348845;2390743;2317852;2361489;30993;29254;4697817;4781698;4643274;4734271;54543;47427;CSU;792647;786122;817177;809899;1609824;1596021;GRÜNE;445742;525733;448542;529190;894284;1054923;FREIE WÄHLER;355099;263943;320269;230719;675368;494662;AfD;261140;204472;259854;200944;520994;405416;SPD;197411;226257;189816;217163;387227;443420;FDP;92733;155344;97314;147462;190047;302806;DIE LINKE;32692;74676;31640;75002;64332;149678;BP;26271;54356;22079;49483;48350;103839;ÖDP;43629;42128;39374;37256;83003;79384;Die PARTEI;20736;8766;19346;10851;40082;19617;Tierschutzpartei;18126;6907;22219;17939;40345;24846;V-Partei³;4704;4352;4478;5323;9182;9675;PdH;1456;159;6318;3234;7774;3393;dieBasis;19555;X;20984;X;40539;X;Volt;13481;X;18442;X;31923;X;Sonstige 2018;X;19567;X;27024;X;46591;
902;Niederbayern;9;9;24.10.2023;13:00;933244;683130;73,2;+3,6;683114;651223;675635;643750;7479;7473;683128;651227;678378;644766;4750;6461;1366242;1302450;1354013;1288516;12229;13934;CSU;237808;253058;191312;237698;429120;490756;GRÜNE;48421;68984;48083;67517;96504;136501;FREIE WÄHLER;163397;105039;239232;124976;402629;230015;AfD;127799;87823;114985;85053;242784;172876;SPD;38281;41662;33552;39929;71833;81591;FDP;18274;30747;13825;29892;32099;60639;DIE LINKE;6335;14846;6270;14344;12605;29190;BP;12364;21296;7169;17653;19533;38949;ÖDP;19490;16762;17328;16127;36818;32889;Die PARTEI;X;X;X;X;X;X;Tierschutzpartei;X;1010;X;5334;X;6344;V-Partei³;1536;312;2641;1125;4177;1437;PdH;X;X;X;X;X;X;dieBasis;1930;X;3981;X;5911;X;Volt;X;X;X;X;X;X;Sonstige 2018;X;2211;X;5118;X;7329;
903;Oberpfalz;8;8;24.10.2023;13:00;846760;633018;74,8;+1,9;632987;620353;629205;613976;3782;6377;632998;620363;628203;613606;4795;6757;1265985;1240716;1257408;1227582;8577;13134;CSU;244566;246445;242921;242743;487487;489188;GRÜNE;59329;74161;62962;78043;122291;152204;FREIE WÄHLER;116510;88597;111547;84111;228057;172708;AfD;110477;75030;112557;76266;223034;151296;SPD;49023;60025;46514;57748;95537;117773;FDP;13832;22407;13963;21517;27795;43924;DIE LINKE;7482;18802;8181;17451;15663;36253;BP;6769;12722;5682;12947;12451;25669;ÖDP;13595;11700;12918;10829;26513;22529;Die PARTEI;X;906;X;3948;X;4854;Tierschutzpartei;X;X;X;X;X;X;V-Partei³;1166;498;1974;1508;3140;2006;PdH;X;X;X;X;X;X;dieBasis;4832;X;5689;X;10521;X;Volt;1624;X;3295;X;4919;X;Sonstige 2018;X;2683;X;6495;X;9178;
904;Oberfranken;8;8;24.10.2023;13:00;820090;602990;73,5;+2,7;602989;594604;598988;590636;4001;3968;602982;594599;596802;586207;6180;8392;1205971;1189203;1195790;1176843;10181;12360;CSU;241190;230338;240554;240455;481744;470793;GRÜNE;59801;75981;60843;78835;120644;154816;FREIE WÄHLER;92420;69190;85625;60522;178045;129712;AfD;103589;66682;104038;65557;207627;132239;SPD;61738;87923;59854;72394;121592;160317;FDP;13138;25119;13642;24901;26780;50020;DIE LINKE;9112;16830;9310;17322;18422;34152;BP;5154;6169;4281;5246;9435;11415;ÖDP;8643;6405;9355;4946;17998;11351;Die PARTEI;X;2546;X;5998;X;8544;Tierschutzpartei;X;X;X;X;X;X;V-Partei³;X;498;X;1986;X;2484;PdH;X;X;X;X;X;X;dieBasis;3523;X;5128;X;8651;X;Volt;680;X;4172;X;4852;X;Sonstige 2018;X;2955;X;8045;X;11000;
905;Mittelfranken;12;12;24.10.2023;13:00;1262251;909435;72,0;+0,6;909334;910765;901791;904006;7543;6759;909308;910708;902783;902065;6525;8643;1818642;1821473;1804574;1806071;14068;15402;CSU;341047;325289;392481;355651;733528;680940;GRÜNE;149298;168199;146293;167007;295591;335206;FREIE WÄHLER;100208;84722;71891;71037;172099;155759;AfD;128263;87767;121380;84058;249643;171825;SPD;103865;115084;88917;100545;192782;215629;FDP;22577;38012;21172;36943;43749;74955;DIE LINKE;20397;41990;19532;42899;39929;84889;BP;6334;4927;4020;3514;10354;8441;ÖDP;14982;12053;12730;11146;27712;23199;Die PARTEI;X;1305;X;7091;X;8396;Tierschutzpartei;3548;X;11813;X;15361;X;V-Partei³;X;3138;X;2670;X;5808;PdH;2153;X;4099;X;6252;X;dieBasis;9119;X;8455;X;17574;X;Volt;X;X;X;X;X;X;Sonstige 2018;X;21520;X;19504;X;41024;
906;Unterfranken;10;10;24.10.2023;13:00;1000230;741222;74,1;+2,2;741202;729408;735078;723538;6124;5870;741196;729376;732555;720353;8641;9023;1482398;1458784;1467633;1443891;14765;14893;CSU;311835;288673;299329;309453;611164;598126;GRÜNE;97313;120006;100845;115176;198158;235182;FREIE WÄHLER;89750;74378;89318;58092;179068;132470;AfD;111155;71308;117033;70524;228188;141832;SPD;69788;76243;67595;69713;137383;145956;FDP;18943;36148;19458;33692;38401;69840;DIE LINKE;12571;25617;12662;24358;25233;49975;BP;6292;6872;6034;6209;12326;13081;ÖDP;11617;6842;12052;6343;23669;13185;Die PARTEI;X;3493;X;5627;X;9120;Tierschutzpartei;X;3699;X;6008;X;9707;V-Partei³;X;1528;X;2182;X;3710;PdH;X;X;X;X;X;X;dieBasis;5814;X;8229;X;14043;X;Volt;X;X;X;X;X;X;Sonstige 2018;X;8731;X;12976;X;21707;
907;Schwaben;13;13;24.10.2023;13:00;1365614;976504;71,5;+1,4;976486;954072;970540;947561;5946;6511;976381;954016;965550;940012;10831;14004;1952867;1908088;1936090;1887573;16777;20515;CSU;358717;365261;347987;354996;706704;720257;GRÜNE;123727;163511;121526;160013;245253;323524;FREIE WÄHLER;160653;123797;167930;133669;328583;257466;AfD;165772;108302;162393;104836;328165;213138;SPD;67858;72986;66541;71406;134399;144392;FDP;26180;46023;28836;42292;55016;88315;DIE LINKE;12768;27270;11926;26481;24694;53751;BP;9141;15924;7890;14413;17031;30337;ÖDP;15463;15322;14048;14092;29511;29414;Die PARTEI;11642;1545;12430;7020;24072;8565;Tierschutzpartei;4137;X;9949;X;14086;X;V-Partei³;3655;4940;2671;4449;6326;9389;PdH;X;X;X;X;X;X;dieBasis;10827;X;11423;X;22250;X;Volt;X;X;X;X;X;X;Sonstige 2018;X;2680;X;6345;X;9025;
990;Bayern;91;91;24.10.2023;13:00;9430600;6895807;73,1;+0,8;6895084;6851380;6836659;6796249;58425;55131;6894838;6851032;6822123;6768498;72715;82534;13789922;13702412;13658782;13564747;131140;137665;CSU;2527810;2495186;2531761;2550895;5059571;5046081;GRÜNE;983631;1196575;989094;1195781;1972725;2392356;FREIE WÄHLER;1078037;809666;1085812;763126;2163849;1572792;AfD;1008195;701384;992240;687238;2000435;1388622;SPD;587964;680180;552789;628898;1140753;1309078;FDP;205677;353800;208210;336699;413887;690499;DIE LINKE;101357;220031;99521;217857;200878;437888;BP;72325;122266;57155;109465;129480;231731;ÖDP;127419;111212;117805;100739;245224;211951;Die PARTEI;32378;18561;31776;40535;64154;59096;Tierschutzpartei;25811;11616;43981;29281;69792;40897;V-Partei³;11061;15266;11764;19243;22825;34509;PdH;3609;159;10417;3234;14026;3393;dieBasis;55600;X;63889;X;119489;X;Volt;15785;X;25909;X;41694;X;Sonstige 2018;X;60347;X;85507;X;145854;
