Schlüsselnummer;Name der Regionaleinheit;Stand Tagesdatum;Stand Uhrzeit;Wahlberechtigte;Wähler;Wahlbeteiligung in %;Veränderung der Wahlbeteiligung gegenüber 2021 in %-P.;abgegebene Erststimmen insgesamt 2025;abgegebene Erststimmen insgesamt 2021;gültige Erststimmen insgesamt 2025;gültige Erststimmen insgesamt 2021;ungültige Erststimmen insgesamt 2025;ungültige Erststimmen insgesamt 2021;abgegebene Zweitstimmen insgesamt 2025;abgegebene Zweitstimmen insgesamt 2021;gültige Zweitstimmen insgesamt 2025;gültige Zweitstimmen insgesamt 2021;ungültige Zweitstimmen insgesamt 2025;ungültige Zweitstimmen insgesamt 2021;Partei mit Stimmenmehrheit;Bewerber mit Stimmenmehrheit;Parteiname;Bewerber CSU;Erststimmen CSU 2025;Erststimmen CSU 2021;Zweitstimmen CSU 2025;Zweitstimmen CSU 2021;Parteiname;Bewerber SPD;Erststimmen SPD 2025;Erststimmen SPD 2021;Zweitstimmen SPD 2025;Zweitstimmen SPD 2021;Parteiname;Bewerber GRÜNE;Erststimmen GRÜNE 2025;Erststimmen GRÜNE 2021;Zweitstimmen GRÜNE 2025;Zweitstimmen GRÜNE 2021;Parteiname;Bewerber FDP;Erststimmen FDP 2025;Erststimmen FDP 2021;Zweitstimmen FDP 2025;Zweitstimmen FDP 2021;Parteiname;Bewerber AfD;Erststimmen AfD 2025;Erststimmen AfD 2021;Zweitstimmen AfD 2025;Zweitstimmen AfD 2021;Parteiname;Bewerber FREIE WÄHLER;Erststimmen FREIE WÄHLER 2025;Erststimmen FREIE WÄHLER 2021;Zweitstimmen FREIE WÄHLER 2025;Zweitstimmen FREIE WÄHLER 2021;Parteiname;Bewerber Die Linke;Erststimmen Die Linke 2025;Erststimmen Die Linke 2021;Zweitstimmen Die Linke 2025;Zweitstimmen Die Linke 2021;Parteiname;Bewerber dieBasis;Erststimmen dieBasis 2025;Erststimmen dieBasis 2021;Zweitstimmen dieBasis 2025;Zweitstimmen dieBasis 2021;Parteiname;Bewerber Tierschutzpartei;Erststimmen Tierschutzpartei 2025;Erststimmen Tierschutzpartei 2021;Zweitstimmen Tierschutzpartei 2025;Zweitstimmen Tierschutzpartei 2021;Parteiname;Bewerber Die PARTEI;Erststimmen Die PARTEI 2025;Erststimmen Die PARTEI 2021;Zweitstimmen Die PARTEI 2025;Zweitstimmen Die PARTEI 2021;Parteiname;Bewerber ÖDP;Erststimmen ÖDP 2025;Erststimmen ÖDP 2021;Zweitstimmen ÖDP 2025;Zweitstimmen ÖDP 2021;Parteiname;Bewerber BP;Erststimmen BP 2025;Erststimmen BP 2021;Zweitstimmen BP 2025;Zweitstimmen BP 2021;Parteiname;Bewerber Volt;Erststimmen Volt 2025;Erststimmen Volt 2021;Zweitstimmen Volt 2025;Zweitstimmen Volt 2021;Parteiname;Bewerber PdH;Erststimmen PdH 2025;Erststimmen PdH 2021;Zweitstimmen PdH 2025;Zweitstimmen PdH 2021;Parteiname;Bewerber MLPD;Erststimmen MLPD 2025;Erststimmen MLPD 2021;Zweitstimmen MLPD 2025;Zweitstimmen MLPD 2021;Parteiname;Bewerber BÜNDNIS DEUTSCHLAND;Erststimmen BÜNDNIS DEUTSCHLAND 2025;Erststimmen BÜNDNIS DEUTSCHLAND 2021;Zweitstimmen BÜNDNIS DEUTSCHLAND 2025;Zweitstimmen BÜNDNIS DEUTSCHLAND 2021;Parteiname;Bewerber BSW;Erststimmen BSW 2025;Erststimmen BSW 2021;Zweitstimmen BSW 2025;Zweitstimmen BSW 2021;Parteiname;Bewerber EB: Winter;Erststimmen EB: Winter 2025;Erststimmen EB: Winter 2021;Zweitstimmen EB: Winter 2025;Zweitstimmen EB: Winter 2021;Parteiname;Bewerber EB: Lieb;Erststimmen EB: Lieb 2025;Erststimmen EB: Lieb 2021;Zweitstimmen EB: Lieb 2025;Zweitstimmen EB: Lieb 2021;Parteiname;Bewerber EB: Treppe;Erststimmen EB: Treppe 2025;Erststimmen EB: Treppe 2021;Zweitstimmen EB: Treppe 2025;Zweitstimmen EB: Treppe 2021;Parteiname;Bewerber EB: Dippel;Erststimmen EB: Dippel 2025;Erststimmen EB: Dippel 2021;Zweitstimmen EB: Dippel 2025;Zweitstimmen EB: Dippel 2021;Parteiname;Bewerber EB: Zibi;Erststimmen EB: Zibi 2025;Erststimmen EB: Zibi 2021;Zweitstimmen EB: Zibi 2025;Zweitstimmen EB: Zibi 2021;Parteiname;Bewerber EB: Hamid;Erststimmen EB: Hamid 2025;Erststimmen EB: Hamid 2021;Zweitstimmen EB: Hamid 2025;Zweitstimmen EB: Hamid 2021;Parteiname;Bewerber EB: Dorn;Erststimmen EB: Dorn 2025;Erststimmen EB: Dorn 2021;Zweitstimmen EB: Dorn 2025;Zweitstimmen EB: Dorn 2021;Parteiname;Bewerber EB: Wenz;Erststimmen EB: Wenz 2025;Erststimmen EB: Wenz 2021;Zweitstimmen EB: Wenz 2025;Zweitstimmen EB: Wenz 2021;Parteiname;Bewerber Sonstige 2021;Erststimmen Sonstige 2021 2025;Erststimmen Sonstige 2021 2021;Zweitstimmen Sonstige 2021 2025;Zweitstimmen Sonstige 2021 2021
211;Altötting;11.03.2025;11:38;168462;137701;81,7;5,0;137701;129441;136967;128561;734;880;137701;129441;137250;128760;451;681;CSU;Mayer, Stephan;CSU;Mayer, Stephan;60164;55693;54392;44060;SPD;Fernengel, Jürgen;11870;14620;11493;18309;GRÜNE;Biela, Peter;10399;11145;10712;12248;FDP;Bubendorfer-Licht, Sandra Maria;3994;9245;4887;13298;AfD;Wahrlich, Andreas Anton;32269;14220;33186;13940;FREIE WÄHLER;Hamal, Klaus;8637;13049;7504;14857;Die Linke;Weisenberger, Julia;5867;3155;6212;2769;dieBasis;Schiffbahn, Hans Josef;1580;3509;800;3003;Tierschutzpartei;-;X;X;1053;1396;Die PARTEI;-;X;X;501;872;ÖDP;Antwerpen, Martin Ludwig;2187;2509;843;1302;BP;-;X;1416;339;881;Volt;-;X;X;550;196;PdH;-;X;X;88;94;MLPD;-;X;X;28;19;BÜNDNIS DEUTSCHLAND;-;X;X;101;X;BSW;-;X;X;4561;X;EB: Winter;-;X;X;X;X;EB: Lieb;-;X;X;X;X;EB: Treppe;-;X;X;X;X;EB: Dippel;-;X;X;X;X;EB: Zibi;-;X;X;X;X;EB: Hamid;-;X;X;X;X;EB: Dorn;-;X;X;X;X;EB: Wenz;-;X;X;X;X;Sonstige 2021;-;X;X;X;1516
212;Erding – Ebersberg;11.03.2025;11:39;201029;175164;87,1;3,2;175164;168337;174443;167205;721;1132;175164;168337;174731;167603;433;734;CSU;Lenz, Dr. Andreas;CSU;Lenz, Dr. Andreas;80087;70656;70010;55992;SPD;Mohr, Dr. Marco;17609;24205;17632;25693;GRÜNE;Lochmüller, Christoph Johannes;23383;24840;22730;24620;FDP;Hagen, Martin Stephan;6324;13226;8821;20228;AfD;Schulz, Manuela Luise;27275;11448;28847;12228;FREIE WÄHLER;Steinbacher, Anton;7059;12157;7524;13865;Die Linke;Boegelein, Tobias;6856;3355;8826;3648;dieBasis;-;X;2958;600;2857;Tierschutzpartei;-;X;X;1416;1900;Die PARTEI;-;X;X;695;1279;ÖDP;Reiter, Wolfgang;2472;2306;1029;1342;BP;-;X;2054;371;1350;Volt;Hetkämper, Jakob;2012;X;1220;412;PdH;-;X;X;128;151;MLPD;-;X;X;31;22;BÜNDNIS DEUTSCHLAND;-;X;X;142;X;BSW;-;X;X;4709;X;EB: Winter;Winter, Bernhard;1366;X;X;X;EB: Lieb;-;X;X;X;X;EB: Treppe;-;X;X;X;X;EB: Dippel;-;X;X;X;X;EB: Zibi;-;X;X;X;X;EB: Hamid;-;X;X;X;X;EB: Dorn;-;X;X;X;X;EB: Wenz;-;X;X;X;X;Sonstige 2021;-;X;X;X;2016
213;Freising;11.03.2025;11:40;238829;204980;85,8;4,1;204980;194002;204067;192765;913;1237;204980;194002;204429;193119;551;883;CSU;Moser, Christian Anton;CSU;Moser, Christian Anton;88025;69689;78622;62930;SPD;Mehltretter, Andreas Maximilian;23356;25950;20233;29085;GRÜNE;Eckert, Leon;25718;24058;23750;26055;FDP;Monti, Vittorino;5803;14687;8903;21738;AfD;Staudhammer, Claus Peter;36965;18042;38983;17515;FREIE WÄHLER;Weinsteiger-Tauer, Birgit;13208;23223;11034;18779;Die Linke;Pisot, Sebastian Emanuel;8630;3898;10652;4456;dieBasis;Stangl, Michael Patrick;2362;4795;951;3388;Tierschutzpartei;-;X;X;1655;1881;Die PARTEI;-;X;2165;868;1385;ÖDP;-;X;3039;1030;1449;BP;-;X;1678;369;1068;Volt;-;X;631;1194;543;PdH;-;X;X;177;185;MLPD;-;X;X;37;19;BÜNDNIS DEUTSCHLAND;-;X;X;135;X;BSW;-;X;X;5836;X;EB: Winter;-;X;X;X;X;EB: Lieb;-;X;X;X;X;EB: Treppe;-;X;X;X;X;EB: Dippel;-;X;X;X;X;EB: Zibi;-;X;X;X;X;EB: Hamid;-;X;X;X;X;EB: Dorn;-;X;X;X;X;EB: Wenz;-;X;X;X;X;Sonstige 2021;-;X;910;X;2643
214;Fürstenfeldbruck;11.03.2025;11:40;230710;199398;86,4;3,3;199398;192779;198599;191290;799;1489;199398;192779;198897;191852;501;927;CSU;Staffler, Katrin;CSU;Staffler, Katrin;84651;72721;78930;63944;SPD;Schrodi, Michael;29795;36831;23133;31141;GRÜNE;Jacob, Britta;23886;25363;27778;30537;FDP;Seehofer, Susanne Karin;8748;16029;10015;23046;AfD;Braun, Jürgen Friedrich;27997;13056;29818;13209;FREIE WÄHLER;Wagner, Dagmar;8829;13085;6925;12325;Die Linke;Bayas, Alexander Konstantin Prokopios;7313;3216;10605;4192;dieBasis;-;X;5075;649;4102;Tierschutzpartei;Baur, Susanne;2869;X;1638;2388;Die PARTEI;-;X;2384;783;1274;ÖDP;Heim, Wolf Adrian;1970;2122;926;1359;BP;-;X;X;328;795;Volt;Matern, Thomas Daniel;2541;1408;1706;863;PdH;-;X;X;148;178;MLPD;-;X;X;24;16;BÜNDNIS DEUTSCHLAND;-;X;X;150;X;BSW;-;X;X;5341;X;EB: Winter;-;X;X;X;X;EB: Lieb;-;X;X;X;X;EB: Treppe;-;X;X;X;X;EB: Dippel;-;X;X;X;X;EB: Zibi;-;X;X;X;X;EB: Hamid;-;X;X;X;X;EB: Dorn;-;X;X;X;X;EB: Wenz;-;X;X;X;X;Sonstige 2021;-;X;X;X;2483
215;Ingolstadt;11.03.2025;11:38;237848;195987;82,4;3,8;195987;187395;195087;186228;900;1167;195987;187395;195341;186539;646;856;CSU;Brandl, Dr. Reinhard;CSU;Brandl, Dr. Reinhard;91839;83663;78649;64577;SPD;Praun, Nadine;21556;25954;19813;31592;GRÜNE;Nagel, Merlin Georg Friedrich;14531;18182;18026;20833;FDP;Renner, Nikita Jan;3711;10877;7349;19797;AfD;Rehm, Lukas;39220;17806;41843;18694;FREIE WÄHLER;Edl, Martina Inge;9909;15515;9145;15580;Die Linke;Vollath, Sarah;7731;4648;9258;4450;dieBasis;-;X;2969;652;2890;Tierschutzpartei;Andreoli, Dr. Christophe;2003;X;1410;1652;Die PARTEI;Rohrer, Jens;1386;2315;869;1295;ÖDP;Hofmaier, Franz;1627;2438;824;1231;BP;-;X;1861;302;1111;Volt;Schatz, Benedikt;1574;X;1034;362;PdH;-;X;X;114;142;MLPD;-;X;X;30;31;BÜNDNIS DEUTSCHLAND;-;X;X;131;X;BSW;-;X;X;5892;X;EB: Winter;-;X;X;X;X;EB: Lieb;-;X;X;X;X;EB: Treppe;-;X;X;X;X;EB: Dippel;-;X;X;X;X;EB: Zibi;-;X;X;X;X;EB: Hamid;-;X;X;X;X;EB: Dorn;-;X;X;X;X;EB: Wenz;-;X;X;X;X;Sonstige 2021;-;X;X;X;2302
216;München-Nord;11.03.2025;11:40;223701;185631;83,0;4,5;185631;175551;184655;174671;976;880;185631;175551;185147;174902;484;649;CSU;Theiss, Prof. Dr. Hans Diogenes;CSU;Theiss, Prof. Dr. Hans Diogenes;59875;44854;53509;39986;SPD;Sigl-Glöckner, Philippa Maria Magdalena Patricia;36495;38172;28469;33241;GRÜNE;Ostermeier, Frederik Ferid;44708;42319;42291;44861;FDP;Föst, Daniel Wolfgang;8536;19477;12394;25953;AfD;Rätscher, Christoph Johannes;16684;7591;17688;8250;FREIE WÄHLER;Springer, Linus;2700;3969;2195;4396;Die Linke;Schwarzenberger, Christian Alois;12123;6216;16785;7044;dieBasis;-;X;2540;401;2216;Tierschutzpartei;-;X;2072;1185;1504;Die PARTEI;-;X;1562;779;1157;ÖDP;-;X;1862;563;1143;BP;-;X;563;150;409;Volt;Heumann, Marco;3010;2410;2285;1555;PdH;-;X;X;169;218;MLPD;-;X;60;41;35;BÜNDNIS DEUTSCHLAND;Hager, Gerhard Rudolf;524;X;168;X;BSW;-;X;X;6075;X;EB: Winter;-;X;X;X;X;EB: Lieb;-;X;X;X;X;EB: Treppe;-;X;X;X;X;EB: Dippel;-;X;X;X;X;EB: Zibi;-;X;X;X;X;EB: Hamid;-;X;X;X;X;EB: Dorn;-;X;X;X;X;EB: Wenz;-;X;X;X;X;Sonstige 2021;-;X;1004;X;2934
217;München-Ost;11.03.2025;11:38;243744;205040;84,1;4,2;205040;193958;204003;193052;1037;906;205040;193958;204493;193271;547;687;CSU;Stefinger, Dr. Wolfgang Dieter;CSU;Stefinger, Dr. Wolfgang Dieter;74027;61159;63562;49286;SPD;Rausch, David Christian;31546;38243;30960;36106;GRÜNE;Hermann, Andre Phillipp;49442;42367;45045;47647;FDP;Türker, Mahmut;8278;18104;12837;27112;AfD;Teich, Tobias Daniel;18451;8066;19694;8978;FREIE WÄHLER;Döll, Rolf-Peter Rüdiger;3649;5041;2490;5052;Die Linke;Briels, David Sebastian;12477;4907;17152;7080;dieBasis;-;X;2432;437;2450;Tierschutzpartei;-;X;2501;1315;1762;Die PARTEI;Bittner, Daniel;2052;1714;842;1248;ÖDP;-;X;1930;744;1289;BP;-;X;579;208;473;Volt;Schwarzmann, Anna Maria Teresa Sophie;4081;1630;2282;1252;PdH;-;X;X;183;201;MLPD;-;X;X;46;35;BÜNDNIS DEUTSCHLAND;-;X;X;134;X;BSW;-;X;X;6562;X;EB: Winter;-;X;X;X;X;EB: Lieb;-;X;X;X;X;EB: Treppe;-;X;X;X;X;EB: Dippel;-;X;X;X;X;EB: Zibi;-;X;X;X;X;EB: Hamid;-;X;X;X;X;EB: Dorn;-;X;X;X;X;EB: Wenz;-;X;X;X;X;Sonstige 2021;-;X;4379;X;3300
218;München-Süd;11.03.2025;11:38;214947;181255;84,3;3,7;181255;172970;180632;172129;623;841;181255;172970;180809;172371;446;599;CSU;Küng, Claudia;CSU;Küng, Claudia;54859;46059;51867;40585;SPD;Roloff, Sebastian Jörg;26461;33924;28049;33117;GRÜNE;Schäfer, Jamila Anna;53775;47256;43538;45562;FDP;Sandt, Julika Muriel;7171;16437;10063;21495;AfD;Wiehle, Wolfgang;15876;7641;16782;7910;FREIE WÄHLER;Bender-Schwering, Loraine Sunshine;2364;4464;2095;4724;Die Linke;Fesl, Carmen Maria Elisabeth;9825;6236;16897;7669;dieBasis;-;X;2668;392;2388;Tierschutzpartei;Penstetter, Norbert Maria;1646;2610;1326;1711;Die PARTEI;Hinkelbein, Barbara Rebecca Anja;1172;2060;805;1299;ÖDP;-;X;2532;654;1306;BP;-;X;X;153;357;Volt;Ferraro, Massimo;2787;X;2273;1497;PdH;-;X;X;173;172;MLPD;Ziegler, Patrick;103;109;53;44;BÜNDNIS DEUTSCHLAND;-;X;X;104;X;BSW;Ernst, Klaus Friedrich;4593;X;5585;X;EB: Winter;-;X;X;X;X;EB: Lieb;-;X;X;X;X;EB: Treppe;-;X;X;X;X;EB: Dippel;-;X;X;X;X;EB: Zibi;-;X;X;X;X;EB: Hamid;-;X;X;X;X;EB: Dorn;-;X;X;X;X;EB: Wenz;-;X;X;X;X;Sonstige 2021;-;X;133;X;2535
219;München-West/Mitte;11.03.2025;11:40;246574;210862;85,5;3,7;210862;198272;208136;197317;2726;955;210862;198272;210467;197625;395;647;CSU;Pilsinger, Dr. Stephan Nikolaus;CSU;Pilsinger, Dr. Stephan Nikolaus;72200;53311;60504;45540;SPD;Knorr-Köning, Seija Anne;33018;39182;32311;37513;GRÜNE;Janecek, Dieter Gerald;60243;53174;52707;54303;FDP;Köhler, Dr. Lukas Otto;10329;19153;12553;26401;AfD;-;X;7594;18822;8403;FREIE WÄHLER;Panzer, Richard Oliver;6366;5058;2462;5036;Die Linke;Gohlke, Nicole Stephanie;12683;6975;18671;8219;dieBasis;-;X;3059;407;2655;Tierschutzpartei;Gimmler, Fabian;3681;3096;1234;1796;Die PARTEI;Drabinski, Philipp Johannes;2248;1804;861;1403;ÖDP;-;X;1557;744;1353;BP;-;X;X;161;394;Volt;Lang, Alexandra;4401;2144;2530;1571;PdH;-;X;X;171;196;MLPD;-;X;X;45;34;BÜNDNIS DEUTSCHLAND;Köhne, Sebastian;1675;X;162;X;BSW;-;X;X;6122;X;EB: Winter;-;X;X;X;X;EB: Lieb;Lieb, Leonie Tabea Johanna;648;X;X;X;EB: Treppe;Treppe, Benjamin Alexander;644;X;X;X;EB: Dippel;-;X;X;X;X;EB: Zibi;-;X;X;X;X;EB: Hamid;-;X;X;X;X;EB: Dorn;-;X;X;X;X;EB: Wenz;-;X;X;X;X;Sonstige 2021;-;X;1210;X;2808
220;München-Land;11.03.2025;11:40;234884;205548;87,5;2,7;205548;199333;204769;198292;779;1041;205548;199333;205109;198610;439;723;CSU;Hahn, Florian Peter;CSU;Hahn, Florian Peter;88204;77523;80091;64669;SPD;Rüger, Dr. Korbinian;27306;30237;26648;34189;GRÜNE;Hofreiter, Dr. Anton;40045;40475;35344;36817;FDP;Klaue, Dr. Thomas Jürgen;8786;18180;12985;28696;AfD;Otten, Gerold Joachim;22924;9816;24076;10489;FREIE WÄHLER;Bußjäger, Otto;6071;7791;4271;7612;Die Linke;Burz, Katinka Regina Maria;8428;3685;10310;4449;dieBasis;-;X;2880;520;2805;Tierschutzpartei;Krämer, Michael;3005;2555;1666;2054;Die PARTEI;-;X;1928;771;1254;ÖDP;-;X;2086;766;1332;BP;-;X;1136;240;719;Volt;-;X;X;1822;910;PdH;-;X;X;161;196;MLPD;-;X;X;25;29;BÜNDNIS DEUTSCHLAND;-;X;X;147;X;BSW;-;X;X;5266;X;EB: Winter;-;X;X;X;X;EB: Lieb;-;X;X;X;X;EB: Treppe;-;X;X;X;X;EB: Dippel;-;X;X;X;X;EB: Zibi;-;X;X;X;X;EB: Hamid;-;X;X;X;X;EB: Dorn;-;X;X;X;X;EB: Wenz;-;X;X;X;X;Sonstige 2021;-;X;X;X;2390
221;Rosenheim;11.03.2025;11:38;238910;201583;84,4;3,7;201583;191410;200689;190064;894;1346;201583;191410;200985;190561;598;849;CSU;Ludwig, Daniela;CSU;Ludwig, Daniela;82023;68670;75533;59126;SPD;Molnar, Reka;17916;22869;19272;27406;GRÜNE;Broßart, Victoria;25196;26183;25026;25962;FDP;Moga, Marcus;5724;17682;9374;23049;AfD;Bilge, Leyla;36813;15764;39378;16570;FREIE WÄHLER;Hofer, Sepp;16037;16869;9473;18261;Die Linke;Gürpinar, Ates Nils;9152;4091;10140;4607;dieBasis;Galić, Peggy Jaqueline;2341;9069;1246;6075;Tierschutzpartei;Steyrer, Peter;2711;X;1712;1882;Die PARTEI;-;X;2466;816;1385;ÖDP;-;X;3698;1001;1633;BP;-;X;2584;481;1737;Volt;Jacob, Jana;1893;X;1008;486;PdH;Heywinkel, Franziska;350;X;173;162;MLPD;-;X;X;31;17;BÜNDNIS DEUTSCHLAND;Wegner, Christiane Angela;533;X;231;X;BSW;-;X;X;6090;X;EB: Winter;-;X;X;X;X;EB: Lieb;-;X;X;X;X;EB: Treppe;-;X;X;X;X;EB: Dippel;-;X;X;X;X;EB: Zibi;-;X;X;X;X;EB: Hamid;-;X;X;X;X;EB: Dorn;-;X;X;X;X;EB: Wenz;-;X;X;X;X;Sonstige 2021;-;X;119;X;2203
222;Bad Tölz-Wolfratshausen – Miesbach;11.03.2025;11:41;165895;141799;85,5;3,8;141799;136106;141146;134341;653;1765;141799;136106;141402;135356;397;750;CSU;Radwan, Alexander Gamal;CSU;Radwan, Alexander Gamal;65481;55501;59236;46304;SPD;Joos, Raffael;10901;15428;12829;18276;GRÜNE;Bär, Karl;20820;20829;17585;18138;FDP;Sachs, Tim Michael;4754;11636;7506;17048;AfD;Hahn, Prof. Dr. Ingo Jochen;23291;X;24274;10835;FREIE WÄHLER;Leipold, Felix;7226;14146;6312;12531;Die Linke;Utz, Erich Horst;4694;2643;5716;2908;dieBasis;-;X;5140;506;2996;Tierschutzpartei;-;X;X;934;1265;Die PARTEI;-;X;1949;541;918;ÖDP;Tessun, Manuel;1270;2077;597;1076;BP;Thurnhuber, Marinus;1602;4992;540;1197;Volt;Nowitzky, Gerald;1107;X;774;308;PdH;-;X;X;62;100;MLPD;-;X;X;21;26;BÜNDNIS DEUTSCHLAND;-;X;X;103;X;BSW;-;X;X;3866;X;EB: Winter;-;X;X;X;X;EB: Lieb;-;X;X;X;X;EB: Treppe;-;X;X;X;X;EB: Dippel;-;X;X;X;X;EB: Zibi;-;X;X;X;X;EB: Hamid;-;X;X;X;X;EB: Dorn;-;X;X;X;X;EB: Wenz;-;X;X;X;X;Sonstige 2021;-;X;X;X;1430
223;Starnberg – Landsberg am Lech;11.03.2025;11:41;215624;188310;87,3;3,1;188310;180978;187546;179820;764;1158;188310;180978;187763;180264;547;714;CSU;Kießling, Michael Hannes;CSU;Kießling, Michael Hannes;80441;68617;72641;57906;SPD;Wegge, Carmen;24177;23985;21606;28584;GRÜNE;Machnik, Verena;31311;35809;31526;32663;FDP;Friedrich, Paul Noah;6665;16585;10969;23893;AfD;Neumeyer, Alexander;24187;10715;25308;11066;FREIE WÄHLER;Hofmann, Rolf Jürgen;6051;9035;5138;9026;Die Linke;Feilzer, Bernhard;6449;3701;9716;4446;dieBasis;Helmers, Manfred Diedrich;1520;5365;771;4505;Tierschutzpartei;Hahn, Sabine;2430;X;1456;1775;Die PARTEI;Raab, Christoph;1499;2333;875;1299;ÖDP;-;X;1972;762;1293;BP;Wagner, Markus;698;X;431;847;Volt;Muschik, Titus Karl Robert;2118;982;1262;688;PdH;-;X;X;131;128;MLPD;-;X;X;25;12;BÜNDNIS DEUTSCHLAND;-;X;X;115;X;BSW;-;X;X;5031;X;EB: Winter;-;X;X;X;X;EB: Lieb;-;X;X;X;X;EB: Treppe;-;X;X;X;X;EB: Dippel;-;X;X;X;X;EB: Zibi;-;X;X;X;X;EB: Hamid;-;X;X;X;X;EB: Dorn;-;X;X;X;X;EB: Wenz;-;X;X;X;X;Sonstige 2021;-;X;721;X;2133
224;Traunstein;11.03.2025;11:41;209020;172572;82,6;4,1;172572;163876;171750;162594;822;1282;172572;163876;172024;163059;548;817;CSU;Walch, Siegfried Sebastian;CSU;Walch, Siegfried Sebastian;80507;59555;66829;51421;SPD;Kofler, Dr. Bärbel;20845;27644;16925;25190;GRÜNE;Schweiger, Ulrike Barbara;14985;17219;17677;19985;FDP;Duin, Albert Walter;3270;12268;5891;15747;AfD;Birghan, Dr. Christoph;30994;12671;34619;14027;FREIE WÄHLER;Reiner, Hans Jürgen;10690;18572;11218;21369;Die Linke;Kreuzeder, Rudolf;6884;3537;7514;3943;dieBasis;Herwegh, Veronika Franziska;1796;4115;979;3699;Tierschutzpartei;-;X;X;1450;1619;Die PARTEI;-;X;1857;668;1121;ÖDP;Kauer, Helmut;1779;2372;1002;1417;BP;-;X;2160;437;1448;Volt;-;X;X;661;265;PdH;-;X;X;86;112;MLPD;-;X;X;28;18;BÜNDNIS DEUTSCHLAND;-;X;X;134;X;BSW;-;X;X;5906;X;EB: Winter;-;X;X;X;X;EB: Lieb;-;X;X;X;X;EB: Treppe;-;X;X;X;X;EB: Dippel;-;X;X;X;X;EB: Zibi;-;X;X;X;X;EB: Hamid;-;X;X;X;X;EB: Dorn;-;X;X;X;X;EB: Wenz;-;X;X;X;X;Sonstige 2021;-;X;624;X;1678
225;Weilheim;11.03.2025;11:41;168111;143698;85,5;3,5;143698;138039;142916;136595;782;1444;143698;138039;143330;137160;368;879;CSU;Dobrindt, Alexander;CSU;Dobrindt, Alexander;65409;57179;59686;48178;SPD;Meikis, Clemens Andreas Johannes;13489;19682;13888;19927;GRÜNE;König, Christian Athanasius;18128;16300;17099;18397;FDP;Speer, Jürgen;6356;8553;6760;14311;AfD;Huy, Rose Gerrit;22169;9686;24239;10873;FREIE WÄHLER;Marksteiner, Michael;7936;10100;6334;11462;Die Linke;Wilska, Robert;5698;2718;6870;3124;dieBasis;-;X;4301;588;3717;Tierschutzpartei;-;X;X;1012;1316;Die PARTEI;-;X;X;663;905;ÖDP;Schlichte, Gwendolin Felizitas Anna Katharina-Maria;2331;4205;967;1737;BP;-;X;2405;301;1229;Volt;Nibbe, Joachim Hans Walter;1400;500;692;339;PdH;-;X;X;82;83;MLPD;-;X;X;15;15;BÜNDNIS DEUTSCHLAND;-;X;X;102;X;BSW;-;X;X;4032;X;EB: Winter;-;X;X;X;X;EB: Lieb;-;X;X;X;X;EB: Treppe;-;X;X;X;X;EB: Dippel;-;X;X;X;X;EB: Zibi;-;X;X;X;X;EB: Hamid;-;X;X;X;X;EB: Dorn;-;X;X;X;X;EB: Wenz;-;X;X;X;X;Sonstige 2021;-;X;966;X;1547
226;Deggendorf;11.03.2025;11:41;165283;135485;82,0;5,4;135485;127193;134810;126502;675;691;135485;127193;135137;126644;348;549;CSU;Erndl, Thomas Maximilian;CSU;Erndl, Thomas Maximilian;58347;47267;51953;42154;SPD;Hagl-Kehl, Rita;12156;19527;10913;19873;GRÜNE;Damm, William Sebastian;6354;6890;6856;8516;FDP;Al-Halak, Muhanad;5188;6325;4283;10778;AfD;Weileder, Petra Katharina;36406;17432;39530;17911;FREIE WÄHLER;Mies, Florian Michael;11370;19718;10575;18206;Die Linke;Vijeyaranjan, Vinojan;3070;1895;4178;2301;dieBasis;-;X;1870;284;1599;Tierschutzpartei;-;X;X;764;1059;Die PARTEI;-;X;905;278;646;ÖDP;-;X;1144;508;750;BP;Kiefer, Marcus;1099;2660;474;1516;Volt;de Smidt, Benjamin David;820;X;400;100;PdH;-;X;X;47;63;MLPD;-;X;X;13;12;BÜNDNIS DEUTSCHLAND;-;X;X;89;X;BSW;-;X;X;3992;X;EB: Winter;-;X;X;X;X;EB: Lieb;-;X;X;X;X;EB: Treppe;-;X;X;X;X;EB: Dippel;-;X;X;X;X;EB: Zibi;-;X;X;X;X;EB: Hamid;-;X;X;X;X;EB: Dorn;-;X;X;X;X;EB: Wenz;-;X;X;X;X;Sonstige 2021;-;X;869;X;1160
227;Landshut;11.03.2025;11:38;247907;208132;84,0;4,7;208132;195589;207304;193950;828;1639;208132;195589;207547;194766;585;823;CSU;Oßner, Florian;CSU;Oßner, Florian;70986;70685;75202;64383;SPD;König, Anja;18800;22468;19631;30931;GRÜNE;Krieger, Maria;17125;21811;18053;20087;FDP;Bauer, Nicole Anna Elisabeth;6437;22774;7736;20204;AfD;Fritz, Elena;42123;19184;46429;19973;FREIE WÄHLER;Dreier, Peter;38342;20072;19255;23747;Die Linke;Buchwald, Mascha;7562;3955;9605;4186;dieBasis;-;X;2796;595;2737;Tierschutzpartei;Götz-Volkmann, Gertraud Maria Magdalena;2093;3615;1569;2257;Die PARTEI;-;X;X;692;1060;ÖDP;Huber, Dr. Max;1892;2888;1085;1425;BP;Geisenfelder, Florian;872;2241;463;1237;Volt;Janker, Andreas Robert;1072;X;830;290;PdH;-;X;X;128;129;MLPD;-;X;X;33;17;BÜNDNIS DEUTSCHLAND;-;X;X;144;X;BSW;-;X;X;6097;X;EB: Winter;-;X;X;X;X;EB: Lieb;-;X;X;X;X;EB: Treppe;-;X;X;X;X;EB: Dippel;-;X;X;X;X;EB: Zibi;-;X;X;X;X;EB: Hamid;-;X;X;X;X;EB: Dorn;-;X;X;X;X;EB: Wenz;-;X;X;X;X;Sonstige 2021;-;X;1461;X;2103
228;Passau;11.03.2025;11:41;176118;144115;81,8;4,9;144115;136625;143520;135480;595;1145;144115;136625;143712;136052;403;573;CSU;Koller, Johann Georg;CSU;Koller, Johann Georg;58538;41530;55447;44215;SPD;Schätzl, Johannes;20121;28341;13904;23892;GRÜNE;Müller, Frederic-Alexej;7425;12098;9821;12645;FDP;Ernst, Jan Christoph Alfred;3072;10513;4706;12782;AfD;Brucker, Erhard Josef;33776;16215;36668;16023;FREIE WÄHLER;Kreuzhuber, Rupert Thomas;9198;17180;9154;16475;Die Linke;Hoß, Luke Rolf;4161;2681;5681;3093;dieBasis;-;X;1567;300;1485;Tierschutzpartei;-;X;X;873;1233;Die PARTEI;-;X;1235;355;673;ÖDP;Seitz, Johanna Maria;2626;3876;1013;1326;BP;-;X;X;241;750;Volt;Böldl, Simon Josef;799;X;490;138;PdH;-;X;244;71;134;MLPD;-;X;X;8;10;BÜNDNIS DEUTSCHLAND;-;X;X;74;X;BSW;Ketterl, Simone;3804;X;4906;X;EB: Winter;-;X;X;X;X;EB: Lieb;-;X;X;X;X;EB: Treppe;-;X;X;X;X;EB: Dippel;-;X;X;X;X;EB: Zibi;-;X;X;X;X;EB: Hamid;-;X;X;X;X;EB: Dorn;-;X;X;X;X;EB: Wenz;-;X;X;X;X;Sonstige 2021;-;X;X;X;1178
229;Rottal-Inn;11.03.2025;11:38;172941;142709;82,5;5,4;142709;133885;142070;132447;639;1438;142709;133885;142326;133246;383;639;CSU;Baumgartner, Günter;CSU;Baumgartner, Günter;49582;46493;54710;45687;SPD;Eder, Severin Johannes Antonin;9947;15794;10899;19108;GRÜNE;Schönberger, Marlene Edeltraud;7688;10188;7841;9495;FDP;Rothlehner, Claus Peter;2625;10210;4270;12904;AfD;Protschka, Stephan;32885;16808;37107;16384;FREIE WÄHLER;Aiwanger, Hubert;32668;22158;14997;19910;Die Linke;Hemmann, Stefan;4167;1912;4990;2487;dieBasis;-;X;2385;368;1764;Tierschutzpartei;-;X;X;821;1228;Die PARTEI;-;X;1106;381;675;ÖDP;Eineichner, Maximilian Olgerts Josef;1611;2647;870;1157;BP;-;X;2746;308;1044;Volt;Baumann, Jakob Ludwig;897;X;463;156;PdH;-;X;X;62;56;MLPD;-;X;X;15;12;BÜNDNIS DEUTSCHLAND;-;X;X;73;X;BSW;-;X;X;4151;X;EB: Winter;-;X;X;X;X;EB: Lieb;-;X;X;X;X;EB: Treppe;-;X;X;X;X;EB: Dippel;-;X;X;X;X;EB: Zibi;-;X;X;X;X;EB: Hamid;-;X;X;X;X;EB: Dorn;-;X;X;X;X;EB: Wenz;-;X;X;X;X;Sonstige 2021;-;X;X;X;1179
230;Straubing;11.03.2025;11:38;172522;141540;82,0;5,5;141540;132955;140943;132078;597;877;141540;132955;141124;132243;416;712;CSU;Rainer, Alois;CSU;Rainer, Alois;65291;58487;55428;46742;SPD;Kliem, Marvin;11132;16312;11310;19938;GRÜNE;Niedermeier, Feride;7241;8613;7466;8964;FDP;Herpel, Klaus Eugen;2715;6895;4279;11603;AfD;Liebl, Yannic Elias;36673;16794;39114;17402;FREIE WÄHLER;Muhr, Helmut;11139;15115;11136;17869;Die Linke;Spielbauer, Johannes Jürgen;4394;1936;4934;2468;dieBasis;-;X;1503;314;1397;Tierschutzpartei;-;X;X;886;1214;Die PARTEI;-;X;1506;366;892;ÖDP;Hirtreiter, Michael Ludwig;1877;2467;903;1271;BP;-;X;1294;293;958;Volt;-;X;X;355;123;PdH;-;X;X;50;70;MLPD;-;X;X;17;6;BÜNDNIS DEUTSCHLAND;Born, Eva;481;X;130;X;BSW;-;X;X;4143;X;EB: Winter;-;X;X;X;X;EB: Lieb;-;X;X;X;X;EB: Treppe;-;X;X;X;X;EB: Dippel;-;X;X;X;X;EB: Zibi;-;X;X;X;X;EB: Hamid;-;X;X;X;X;EB: Dorn;-;X;X;X;X;EB: Wenz;-;X;X;X;X;Sonstige 2021;-;X;1156;X;1326
231;Amberg;11.03.2025;11:38;214379;181941;84,9;4,7;181941;173297;181133;171997;808;1300;181941;173297;181326;172358;615;939;CSU;Hierl, Susanne;CSU;Hierl, Susanne;80626;69278;72672;60430;SPD;Mandrella, David Tobias;19705;27476;19339;31547;GRÜNE;Gürtler, Peter Gerhard;12177;13908;13966;16191;FDP;Gründer, Nils Jan;4698;10213;5971;15067;AfD;Boehringer, Peter Christian Pascal;38359;17822;40014;17958;FREIE WÄHLER;Grötsch, Hans Martin;12883;20855;11333;16332;Die Linke;Winkler, Marco;7316;4158;7980;4095;dieBasis;Märkl, Hans Josef;1607;2902;779;2917;Tierschutzpartei;-;X;X;1330;1938;Die PARTEI;-;X;X;578;991;ÖDP;Witt, Susanne Maria;1748;3247;794;1298;BP;-;X;X;344;872;Volt;Meier, Markus;1402;X;805;275;PdH;-;X;X;107;121;MLPD;-;X;X;32;20;BÜNDNIS DEUTSCHLAND;Kotzbauer, Johannes Heinz;612;X;199;X;BSW;-;X;X;5083;X;EB: Winter;-;X;X;X;X;EB: Lieb;-;X;X;X;X;EB: Treppe;-;X;X;X;X;EB: Dippel;-;X;X;X;X;EB: Zibi;-;X;X;X;X;EB: Hamid;-;X;X;X;X;EB: Dorn;-;X;X;X;X;EB: Wenz;-;X;X;X;X;Sonstige 2021;-;X;2138;X;2306
232;Regensburg;11.03.2025;11:42;250984;212696;84,7;4,6;212696;198937;211967;197712;729;1225;212696;198937;212143;198175;553;762;CSU;Aumer, Peter;CSU;Aumer, Peter;81105;69842;75683;61187;SPD;Wagner, Dr. Carolin;27626;32850;23607;34563;GRÜNE;Schmidt, Stefan;27741;30333;28337;32094;FDP;Lechte, Ulrich Werner Maria;5229;13754;7427;18773;AfD;Schießl, Carina;37964;16557;39770;17343;FREIE WÄHLER;Seebauer-Sperl, Regina Christiane;11214;17906;10447;16618;Die Linke;Wanner, Sebastian Thomas;9736;6023;14801;6798;dieBasis;-;X;2567;531;2526;Tierschutzpartei;Hübner, Christoph;2051;X;1411;1884;Die PARTEI;-;X;2734;731;1485;ÖDP;Eberhardt, Johannes;1655;2927;858;1419;BP;-;X;1745;233;963;Volt;Kunz, Christian Andreas Matthias („Gwydion Enbarr“);2172;X;1654;412;PdH;-;X;X;148;196;MLPD;-;X;X;32;21;BÜNDNIS DEUTSCHLAND;Beer, Dr. Anton Ludwig;323;X;205;X;BSW;Freihoffer, Irmgard Astrid;5151;X;6268;X;EB: Winter;-;X;X;X;X;EB: Lieb;-;X;X;X;X;EB: Treppe;-;X;X;X;X;EB: Dippel;-;X;X;X;X;EB: Zibi;-;X;X;X;X;EB: Hamid;-;X;X;X;X;EB: Dorn;-;X;X;X;X;EB: Wenz;-;X;X;X;X;Sonstige 2021;-;X;474;X;1893
233;Schwandorf;11.03.2025;11:38;220950;185033;83,7;5,1;185033;174957;184150;173755;883;1202;185033;174957;184511;174145;522;812;CSU;Englhardt-Kopf, Martina;CSU;Englhardt-Kopf, Martina;77717;60924;72445;59430;SPD;Schieder, Marianne;25534;39615;17110;31209;GRÜNE;Winklmann, Tina;7516;7934;9173;11179;FDP;Pößl, Ileana-Valeria;3432;7341;4927;12650;AfD;Mixl, Reinhard Wilhelm;49695;23142;51973;23508;FREIE WÄHLER;Schmid, Fabian Georg;13591;27381;14478;25114;Die Linke;Mainka, Tobias;4914;3043;6052;3394;dieBasis;-;X;1846;509;1538;Tierschutzpartei;-;X;X;1061;1494;Die PARTEI;-;X;X;423;782;ÖDP;Heistrüvers, Bianca;1231;1747;681;1034;BP;-;X;X;337;877;Volt;-;X;X;485;181;PdH;-;X;X;78;98;MLPD;-;X;X;29;10;BÜNDNIS DEUTSCHLAND;Bachl, Armin Arnold;520;X;155;X;BSW;-;X;X;4595;X;EB: Winter;-;X;X;X;X;EB: Lieb;-;X;X;X;X;EB: Treppe;-;X;X;X;X;EB: Dippel;-;X;X;X;X;EB: Zibi;-;X;X;X;X;EB: Hamid;-;X;X;X;X;EB: Dorn;-;X;X;X;X;EB: Wenz;-;X;X;X;X;Sonstige 2021;-;X;782;X;1647
234;Weiden;11.03.2025;11:38;162689;136787;84,1;4,3;136787;132247;136146;131424;641;823;136787;132247;136363;131356;424;891;CSU;Rupprecht, Albert Robert;CSU;Rupprecht, Albert Robert;59268;50575;55094;46451;SPD;Forster, Gregor;16294;29573;15930;29461;GRÜNE;Droste, Anneliese;6624;6633;7927;9170;FDP;Klotz, Dr. Theodor Alexander;4126;6303;4171;9601;AfD;Schiller, Manfred Leonhard;31352;13523;33125;14898;FREIE WÄHLER;Schicker, Hubert Josef;9673;9306;8212;12067;Die Linke;Neumann, Julia Anna;5591;2315;5367;2830;dieBasis;-;X;1458;451;1574;Tierschutzpartei;-;X;X;900;1249;Die PARTEI;-;X;X;345;651;ÖDP;Sparrer, Sebastian Josua;787;860;419;612;BP;-;X;771;310;719;Volt;-;X;X;409;148;PdH;-;X;X;61;87;MLPD;-;X;X;21;6;BÜNDNIS DEUTSCHLAND;-;X;X;95;X;BSW;-;X;X;3526;X;EB: Winter;-;X;X;X;X;EB: Lieb;-;X;X;X;X;EB: Treppe;-;X;X;X;X;EB: Dippel;Dippel, Konrad Willibald;2431;X;X;X;EB: Zibi;-;X;X;X;X;EB: Hamid;-;X;X;X;X;EB: Dorn;-;X;X;X;X;EB: Wenz;-;X;X;X;X;Sonstige 2021;-;X;10107;X;1832
235;Bamberg;11.03.2025;11:42;181281;155529;85,8;4,4;155529;148660;154868;147795;661;865;155529;148660;155058;148068;471;592;CSU;Silberhorn, Thomas;CSU;Silberhorn, Thomas;61044;54726;57362;49463;SPD;Schwarz, Andreas;22569;28123;17553;25698;GRÜNE;Badum, Lisa Hildegard;20762;22728;19476;21898;FDP;Körber, Sebastian Michael;4709;9821;6095;14336;AfD;Weiß, Michael Adam;28891;13279;29980;14284;FREIE WÄHLER;Herzog, Jens;6174;8708;5463;9184;Die Linke;Jaegers, Jan;7914;3625;10111;4676;dieBasis;-;X;2361;500;2093;Tierschutzpartei;-;X;X;1167;1499;Die PARTEI;-;X;1627;560;1111;ÖDP;Lösel, Lisa;1008;1287;460;742;BP;-;X;491;171;381;Volt;Reising, Tim;1797;726;1308;575;PdH;-;X;X;120;173;MLPD;-;X;179;49;50;BÜNDNIS DEUTSCHLAND;-;X;X;117;X;BSW;-;X;X;4566;X;EB: Winter;-;X;X;X;X;EB: Lieb;-;X;X;X;X;EB: Treppe;-;X;X;X;X;EB: Dippel;-;X;X;X;X;EB: Zibi;-;X;X;X;X;EB: Hamid;-;X;X;X;X;EB: Dorn;-;X;X;X;X;EB: Wenz;-;X;X;X;X;Sonstige 2021;-;X;114;X;1905
236;Bayreuth;11.03.2025;11:38;159361;134067;84,1;4,6;134067;129136;133465;128330;602;806;134067;129136;133682;128530;385;606;CSU;Launert, Dr. Silke;CSU;Launert, Dr. Silke;59366;54465;51466;43768;SPD;Kramme, Anette;19031;24840;16403;26584;GRÜNE;Bößert, Inken;10999;14064;13155;15647;FDP;Hacker, Thomas;3680;9182;4987;12020;AfD;Peterka, Tobias Matthias;25144;10777;26687;11636;FREIE WÄHLER;Schmid, Thomas Robert;6741;7754;5968;8857;Die Linke;Metz, Jannick;6117;2577;7605;3294;dieBasis;Vornberger, Erich;990;2028;464;1642;Tierschutzpartei;-;X;X;1043;1306;Die PARTEI;-;X;1709;442;988;ÖDP;-;X;934;314;516;BP;-;X;X;110;269;Volt;Diepold, Maximilian Markus Peter;1397;X;849;321;PdH;-;X;X;95;131;MLPD;-;X;X;23;13;BÜNDNIS DEUTSCHLAND;-;X;X;90;X;BSW;-;X;X;3981;X;EB: Winter;-;X;X;X;X;EB: Lieb;-;X;X;X;X;EB: Treppe;-;X;X;X;X;EB: Dippel;-;X;X;X;X;EB: Zibi;-;X;X;X;X;EB: Hamid;-;X;X;X;X;EB: Dorn;-;X;X;X;X;EB: Wenz;-;X;X;X;X;Sonstige 2021;-;X;X;X;1538
237;Coburg;11.03.2025;11:38;153429;128769;83,9;4,8;128769;123864;128177;122943;592;921;128769;123864;128303;123160;466;704;CSU;Geissler, Dr. Jonas Alexander Tecumseh;CSU;Geissler, Dr. Jonas Alexander Tecumseh;53725;44890;47710;39343;SPD;Eckstein, Jonas Bastian;18425;32056;18401;31087;GRÜNE;Wagner, Johannes;10943;10581;9603;11459;FDP;Ramm, Oliver;2490;6369;4134;10683;AfD;Gebhardt, Michael Theodor;26822;11878;28511;12836;FREIE WÄHLER;Hiesl, Nikolai;6944;9235;5072;7524;Die Linke;Müller, Gustav;5019;2337;6966;3118;dieBasis;-;X;2002;382;1869;Tierschutzpartei;-;X;X;1187;1509;Die PARTEI;-;X;1872;489;1144;ÖDP;Greiff, Carmen;963;1418;450;673;BP;-;X;222;120;188;Volt;-;X;X;703;162;PdH;-;X;X;103;122;MLPD;-;X;83;33;43;BÜNDNIS DEUTSCHLAND;-;X;X;107;X;BSW;Hähnlein, René Jens;2846;X;4332;X;EB: Winter;-;X;X;X;X;EB: Lieb;-;X;X;X;X;EB: Treppe;-;X;X;X;X;EB: Dippel;-;X;X;X;X;EB: Zibi;-;X;X;X;X;EB: Hamid;-;X;X;X;X;EB: Dorn;-;X;X;X;X;EB: Wenz;-;X;X;X;X;Sonstige 2021;-;X;X;X;1400
238;Hof;11.03.2025;11:38;157915;129424;82,0;5,0;129424;125334;128662;124455;762;879;129424;125334;129002;124559;422;775;CSU;Hain, Heiko;CSU;Hain, Heiko;51926;51312;48966;41308;SPD;Nürnberger, Jörg Mathias;22966;29763;17421;30426;GRÜNE;Schmalfuß, Dr. Harald Jürgen;6391;7941;7802;9628;FDP;Heindl, Stefan;3160;6493;4031;10552;AfD;Koller, Oliver;30614;14705;31308;14560;FREIE WÄHLER;Schinner, Thomas;6181;7202;4773;7955;Die Linke;Damasceno da Costa e Silva, Janson;5789;2651;6857;3004;dieBasis;-;X;1498;367;1339;Tierschutzpartei;-;X;X;1176;1780;Die PARTEI;-;X;1969;443;1268;ÖDP;-;X;508;236;318;BP;-;X;X;130;295;Volt;Jahn, Manuel;997;X;549;115;PdH;-;X;X;81;106;MLPD;-;X;X;21;16;BÜNDNIS DEUTSCHLAND;Angles, Michael;638;X;201;X;BSW;-;X;X;4640;X;EB: Winter;-;X;X;X;X;EB: Lieb;-;X;X;X;X;EB: Treppe;-;X;X;X;X;EB: Dippel;-;X;X;X;X;EB: Zibi;-;X;X;X;X;EB: Hamid;-;X;X;X;X;EB: Dorn;-;X;X;X;X;EB: Wenz;-;X;X;X;X;Sonstige 2021;-;X;413;X;1889
239;Kulmbach;11.03.2025;11:42;165464;141525;85,5;4,3;141525;137178;140765;136397;760;781;141525;137178;141075;136507;450;671;CSU;Zeulner, Emmi;CSU;Zeulner, Emmi;69446;65163;56800;49389;SPD;Sat, Ali-Cemil;13210;22103;15327;27009;GRÜNE;Ochs, Thomas Josef;9233;10165;10176;11966;FDP;Blechschmidt, Kevin;2838;6480;4550;11399;AfD;Görtler, Sebastian Johannes;30698;14416;32989;15774;FREIE WÄHLER;Bergmann, Jochen Sebastian;8742;10430;7185;10420;Die Linke;Greim, Oswald Emil;5361;2448;6209;2982;dieBasis;-;X;1748;440;1718;Tierschutzpartei;-;X;X;1133;1548;Die PARTEI;-;X;1954;539;1199;ÖDP;-;X;871;424;605;BP;-;X;619;172;446;Volt;Eichelkraut, Benjamin Günter;1237;X;720;207;PdH;-;X;X;66;82;MLPD;-;X;X;23;27;BÜNDNIS DEUTSCHLAND;-;X;X;127;X;BSW;-;X;X;4195;X;EB: Winter;-;X;X;X;X;EB: Lieb;-;X;X;X;X;EB: Treppe;-;X;X;X;X;EB: Dippel;-;X;X;X;X;EB: Zibi;-;X;X;X;X;EB: Hamid;-;X;X;X;X;EB: Dorn;-;X;X;X;X;EB: Wenz;-;X;X;X;X;Sonstige 2021;-;X;X;X;1736
240;Ansbach;11.03.2025;11:38;241618;203824;84,4;5,2;203824;192508;202816;190994;1008;1514;203824;192508;203188;191486;636;1022;CSU;Auernhammer, Artur Friedrich;CSU;Auernhammer, Artur Friedrich;84723;73312;75749;63299;SPD;Mirlach, Daniel;26718;33819;24616;37642;GRÜNE;Amler, Sebastian Hermann;18248;21343;19216;22325;FDP;Kremer, Franziska;5276;13016;6785;16213;AfD;Wigler, Stefan;43100;18418;43752;19142;FREIE WÄHLER;Mooser, Markus Herbert;10960;16592;9499;14738;Die Linke;Gschwendtner, Nadja;9434;3798;10145;4904;dieBasis;-;X;5167;801;4052;Tierschutzpartei;-;X;X;1679;2218;Die PARTEI;-;X;X;716;1312;ÖDP;Settler, Kevin;2251;2902;1089;1518;BP;-;X;X;255;523;Volt;Wolff, Markus Alexander;2106;X;1140;249;PdH;-;X;X;122;145;MLPD;-;X;X;34;24;BÜNDNIS DEUTSCHLAND;-;X;X;188;X;BSW;-;X;X;7402;X;EB: Winter;-;X;X;X;X;EB: Lieb;-;X;X;X;X;EB: Treppe;-;X;X;X;X;EB: Dippel;-;X;X;X;X;EB: Zibi;-;X;X;X;X;EB: Hamid;-;X;X;X;X;EB: Dorn;-;X;X;X;X;EB: Wenz;-;X;X;X;X;Sonstige 2021;-;X;2627;X;3182
241;Erlangen;11.03.2025;11:42;186938;162264;86,8;3,8;162264;155377;161420;154431;844;946;162264;155377;161803;154708;461;669;CSU;Körner, Dr. Konrad;CSU;Körner, Dr. Konrad;57971;54223;54594;44664;SPD;Stamm-Fibich, Martina;28003;32036;22446;30146;GRÜNE;Guter, Paulus Maximilian;29337;29923;29142;31222;FDP;Persson, Leif Erik;4761;10382;6891;16062;AfD;Aust, Robert;22637;10669;23504;10872;FREIE WÄHLER;Rogner, Axel Maximilian;7023;7888;4129;7081;Die Linke;Eitel, Lukas Jakob;9115;X;11552;5817;dieBasis;-;X;2619;492;2084;Tierschutzpartei;-;X;X;1161;1370;Die PARTEI;-;X;2578;704;1210;ÖDP;-;X;2080;556;1077;BP;-;X;X;137;202;Volt;Röckelein, Verena Angelika Liselotte;2573;X;1380;529;PdH;-;X;X;170;220;MLPD;-;X;188;50;31;BÜNDNIS DEUTSCHLAND;-;X;X;99;X;BSW;-;X;X;4796;X;EB: Winter;-;X;X;X;X;EB: Lieb;-;X;X;X;X;EB: Treppe;-;X;X;X;X;EB: Dippel;-;X;X;X;X;EB: Zibi;-;X;X;X;X;EB: Hamid;-;X;X;X;X;EB: Dorn;-;X;X;X;X;EB: Wenz;-;X;X;X;X;Sonstige 2021;-;X;1845;X;2121
242;Fürth;11.03.2025;11:38;248612;208200;83,7;4,8;208200;197939;207133;196501;1067;1438;208200;197939;207494;196943;706;996;CSU;Winkler, Tobias;CSU;Winkler, Tobias;77512;65876;71313;58976;SPD;Träger, Carsten Dietmar;36983;47153;29396;42329;GRÜNE;Salimi, Kamran Michael;22502;27111;25804;29778;FDP;Bayer, Daniel René;6095;12883;8087;18765;AfD;Treuheit, Bastian;38344;16858;39100;17692;FREIE WÄHLER;Scholz, Andreas Klaus;8042;10340;5951;9669;Die Linke;Haupt, Niklas;12638;6221;14099;6946;dieBasis;-;X;3750;725;3369;Tierschutzpartei;-;X;X;1996;2463;Die PARTEI;-;X;3090;827;1661;ÖDP;Billmann, Tristan Ferdinand;2737;1685;801;1002;BP;-;X;507;185;443;Volt;Schmidtell, Andreas Stefan;2280;611;1418;464;PdH;-;X;416;161;291;MLPD;-;X;X;61;43;BÜNDNIS DEUTSCHLAND;-;X;X;174;X;BSW;-;X;X;7396;X;EB: Winter;-;X;X;X;X;EB: Lieb;-;X;X;X;X;EB: Treppe;-;X;X;X;X;EB: Dippel;-;X;X;X;X;EB: Zibi;-;X;X;X;X;EB: Hamid;-;X;X;X;X;EB: Dorn;-;X;X;X;X;EB: Wenz;-;X;X;X;X;Sonstige 2021;-;X;X;X;3052
243;Nürnberg-Nord;11.03.2025;11:42;187179;151372;80,9;3,7;151372;145212;150494;144206;878;1006;151372;145212;150754;144486;618;726;CSU;Brehm, Sebastian Alfred;CSU;Brehm, Sebastian Alfred;45424;41027;41088;34349;SPD;Heinrich, Gabriela;26738;31616;23567;30232;GRÜNE;Lenhard, Rebecca;32432;32541;29684;34055;FDP;Hessel, Katja;4976;10882;6530;14692;AfD;Hübscher, Roland Alexander;18093;8485;18303;8887;FREIE WÄHLER;Mahler, Dr. Robert Franz;2963;4286;1762;3621;Die Linke;Schüller, Titus;14697;7726;19233;8627;dieBasis;-;X;2777;414;2310;Tierschutzpartei;-;X;X;1291;1662;Die PARTEI;Knapp, Jörg;1598;X;748;1462;ÖDP;Hager, Inga;984;1813;488;830;BP;-;X;X;56;125;Volt;Penninger, Christian;2243;856;1584;656;PdH;-;X;X;158;217;MLPD;Podufal, Karin Angelika;346;149;83;56;BÜNDNIS DEUTSCHLAND;-;X;X;137;X;BSW;-;X;X;5628;X;EB: Winter;-;X;X;X;X;EB: Lieb;-;X;X;X;X;EB: Treppe;-;X;X;X;X;EB: Dippel;-;X;X;X;X;EB: Zibi;-;X;X;X;X;EB: Hamid;-;X;X;X;X;EB: Dorn;-;X;X;X;X;EB: Wenz;-;X;X;X;X;Sonstige 2021;-;X;2048;X;2705
244;Nürnberg-Süd;11.03.2025;11:38;174758;136860;78,3;5,2;136860;129560;135854;128423;1006;1137;136860;129560;136144;128713;716;847;CSU;Frieser, Michael Edwin;CSU;Frieser, Michael Edwin;48913;44192;43913;38663;SPD;Grämmer, Thomas;24213;31098;20814;29195;GRÜNE;Müller, Sascha;14730;15566;15262;17687;FDP;Pischel, Lisa-Marie;3556;8777;4871;11495;AfD;Fiegl, Klaus;27128;13123;26901;12901;FREIE WÄHLER;Estrada, Thomas Michael;3662;5897;2386;4433;Die Linke;Flach Gomez, Kathrin;10821;5184;11683;4893;dieBasis;-;X;2491;422;2279;Tierschutzpartei;-;X;X;1506;1846;Die PARTEI;-;X;X;578;1018;ÖDP;Schindler, Hermann;966;1562;427;710;BP;-;X;X;86;185;Volt;Dziajlo, Sven;1865;533;910;353;PdH;-;X;X;104;139;MLPD;-;X;X;68;35;BÜNDNIS DEUTSCHLAND;-;X;X;140;X;BSW;-;X;X;6073;X;EB: Winter;-;X;X;X;X;EB: Lieb;-;X;X;X;X;EB: Treppe;-;X;X;X;X;EB: Dippel;-;X;X;X;X;EB: Zibi;-;X;X;X;X;EB: Hamid;-;X;X;X;X;EB: Dorn;-;X;X;X;X;EB: Wenz;-;X;X;X;X;Sonstige 2021;-;X;X;X;2881
245;Roth;11.03.2025;11:42;227696;197152;86,6;3,9;197152;189675;196205;188283;947;1392;197152;189675;196567;188730;585;945;CSU;Edelhäußer, Ralph René;CSU;Edelhäußer, Ralph René;84151;71478;74215;60980;SPD;Plobner, Jan Heinz Stefan;25561;31806;26325;38786;GRÜNE;Pircher, Dr. Bianca;24181;25140;23881;26197;FDP;Lütke, Kristine;5525;12596;7483;16974;AfD;Norgall, Klaus Peter;33199;14944;35444;16043;FREIE WÄHLER;Joos, Jürgen;8872;16528;7155;12601;Die Linke;Schötz, Evelyn;9951;5076;10628;4950;dieBasis;-;X;4720;656;3696;Tierschutzpartei;-;X;X;1819;2401;Die PARTEI;-;X;2149;754;1322;ÖDP;Stadelmann, Walter;1397;1534;658;866;BP;-;X;X;187;376;Volt;Bremer, Gabriel Adrian;1884;X;1082;376;PdH;-;X;X;110;131;MLPD;-;X;X;28;19;BÜNDNIS DEUTSCHLAND;Ruder, Birgit;654;X;264;X;BSW;-;X;X;5878;X;EB: Winter;-;X;X;X;X;EB: Lieb;-;X;X;X;X;EB: Treppe;-;X;X;X;X;EB: Dippel;-;X;X;X;X;EB: Zibi;Zibi, Daniela Maria Barbara;830;X;X;X;EB: Hamid;-;X;X;X;X;EB: Dorn;-;X;X;X;X;EB: Wenz;-;X;X;X;X;Sonstige 2021;-;X;2312;X;3012
246;Aschaffenburg;11.03.2025;11:43;181144;155293;85,7;5,4;155293;146772;154337;145538;956;1234;155293;146772;154583;145720;710;1052;CSU;Lindholz, Andrea;CSU;Lindholz, Andrea;67597;59269;58810;45739;SPD;Michniok, Manuel Stefan;19006;24893;19696;30232;GRÜNE;Wagener, Niklas;18230;19588;17249;20642;FDP;Klein, Karsten Franziskus;5169;11683;6833;16199;AfD;Rausch, Joachim Josef;28438;13954;29412;13716;FREIE WÄHLER;Friedrich, Benno;4314;5087;3456;5718;Die Linke;Hofmann, Florian Simon;7334;3536;9276;4068;dieBasis;-;X;2412;404;2112;Tierschutzpartei;-;X;X;1509;1917;Die PARTEI;-;X;2022;641;1138;ÖDP;Bauer, Katrin Irmgard;1078;1580;492;805;BP;Scholz, Marco;571;516;235;413;Volt;Keßler, Jan Philipp;1650;X;1181;370;PdH;-;X;X;111;139;MLPD;-;X;157;70;61;BÜNDNIS DEUTSCHLAND;Gülmüs, Burhan;423;X;200;X;BSW;-;X;X;5008;X;EB: Winter;-;X;X;X;X;EB: Lieb;-;X;X;X;X;EB: Treppe;-;X;X;X;X;EB: Dippel;-;X;X;X;X;EB: Zibi;-;X;X;X;X;EB: Hamid;Hamid, Taoufik;527;X;X;X;EB: Dorn;-;X;X;X;X;EB: Wenz;-;X;X;X;X;Sonstige 2021;-;X;841;X;2451
247;Bad Kissingen;11.03.2025;11:43;210364;180527;85,8;4,5;180527;174164;172919;172540;7608;1624;180527;174164;179830;173105;697;1059;CSU;Bär, Dorothee Gisela Renate Maria;CSU;Bär, Dorothee Gisela Renate Maria;87357;67458;75101;65063;SPD;Dittmar, Sabine;25127;32844;17374;30540;GRÜNE;Ruser, Christian;10615;16467;13320;15874;FDP;Schenk Graf von Stauffenberg, Maximilian Karl Theodor Franz Maria;8444;12206;6462;15211;AfD;-;X;17130;41432;18434;FREIE WÄHLER;Helmerich, Frank;22323;14102;8048;12639;Die Linke;Beck, Florian;9957;4475;8259;4820;dieBasis;-;X;3783;697;3355;Tierschutzpartei;-;X;X;1227;1862;Die PARTEI;-;X;2438;670;1416;ÖDP;Reinhard, Michaela Elisabeth;2216;1266;618;777;BP;-;X;X;225;476;Volt;-;X;X;719;236;PdH;-;X;X;104;113;MLPD;-;X;X;33;20;BÜNDNIS DEUTSCHLAND;Kaiser, Michael Werner;6880;X;259;X;BSW;-;X;X;5282;X;EB: Winter;-;X;X;X;X;EB: Lieb;-;X;X;X;X;EB: Treppe;-;X;X;X;X;EB: Dippel;-;X;X;X;X;EB: Zibi;-;X;X;X;X;EB: Hamid;-;X;X;X;X;EB: Dorn;-;X;X;X;X;EB: Wenz;-;X;X;X;X;Sonstige 2021;-;X;371;X;2269
248;Main-Spessart;11.03.2025;11:43;192185;165463;86,1;4,8;165463;158133;164539;156785;924;1348;165463;158133;164886;157067;577;1066;CSU;Hoffmann, Alexander;CSU;Hoffmann, Alexander;74896;60489;67784;54097;SPD;Rützel, Bernd Ferdinand;25806;33700;20553;32771;GRÜNE;Weis, Peter;13740;15813;14691;17806;FDP;Kirchgeßner, Noah Winfried;3802;9514;5867;14151;AfD;Erdem, Kerim Denis;29752;12576;31844;13918;FREIE WÄHLER;Hepp, Volker Walfried;8328;15774;6239;10496;Die Linke;Adrian, Andreas;6784;4070;8072;3685;dieBasis;-;X;3195;589;2895;Tierschutzpartei;-;X;X;1424;2042;Die PARTEI;-;X;X;601;1157;ÖDP;Winter, Wolfgang Franz;1431;1414;551;772;BP;-;X;X;161;379;Volt;-;X;X;971;322;PdH;-;X;X;92;98;MLPD;-;X;X;29;31;BÜNDNIS DEUTSCHLAND;-;X;X;220;X;BSW;-;X;X;5198;X;EB: Winter;-;X;X;X;X;EB: Lieb;-;X;X;X;X;EB: Treppe;-;X;X;X;X;EB: Dippel;-;X;X;X;X;EB: Zibi;-;X;X;X;X;EB: Hamid;-;X;X;X;X;EB: Dorn;-;X;X;X;X;EB: Wenz;-;X;X;X;X;Sonstige 2021;-;X;240;X;2447
249;Schweinfurt;11.03.2025;11:38;194125;163446;84,2;4,2;163446;157357;162497;155803;949;1554;163446;157357;162845;156352;601;1005;CSU;Weisgerber, Dr. Anja;CSU;Weisgerber, Dr. Anja;70455;63697;64166;54441;SPD;Hümpfer, Markus;21834;29037;18706;30482;GRÜNE;Weidinger, Stefan Rudolf Leo;12894;14747;14828;17085;FDP;Mörer, Michael;3992;12408;5823;15039;AfD;Schuhmann, Bernd Willi Karl;33832;15468;34404;15687;FREIE WÄHLER;Neckov, Sabrina;7823;7761;6342;9119;Die Linke;Conrad, Agnes Maria;7606;6552;8468;4928;dieBasis;-;X;2758;681;2470;Tierschutzpartei;-;X;X;1374;1817;Die PARTEI;-;X;X;617;1137;ÖDP;Günzel, Martin Leonhard;1383;1229;561;657;BP;Götz, Thorsten;921;863;333;523;Volt;Christ, Claus Bernhard;1559;X;955;309;PdH;-;X;X;111;123;MLPD;Setter, Manfred Johannes;198;167;56;52;BÜNDNIS DEUTSCHLAND;-;X;X;123;X;BSW;-;X;X;5297;X;EB: Winter;-;X;X;X;X;EB: Lieb;-;X;X;X;X;EB: Treppe;-;X;X;X;X;EB: Dippel;-;X;X;X;X;EB: Zibi;-;X;X;X;X;EB: Hamid;-;X;X;X;X;EB: Dorn;-;X;X;X;X;EB: Wenz;-;X;X;X;X;Sonstige 2021;-;X;1116;X;2483
250;Würzburg;11.03.2025;11:43;222633;192406;86,4;3,9;192406;185659;191416;183504;990;2155;192406;185659;191869;184702;537;957;CSU;Düber, Dr. Hülya;CSU;Düber, Dr. Hülya;74917;67651;68679;55957;SPD;Räth, Katharina;26349;33125;25841;37079;GRÜNE;Hecht, Jessica Berta;36587;36295;31495;35634;FDP;Ullmann, Dr. Andrew;8012;19414;8366;19230;AfD;Beck, Federico Karl-Heinz;24817;X;25951;12220;FREIE WÄHLER;Seitz, Duncan Douglas Eugen;5704;9440;4435;6871;Die Linke;Valent, Aaron;9766;7522;15737;7027;dieBasis;Kämmerer, Dr. Anna Elisabeth Ulrike;2083;4898;753;2310;Tierschutzpartei;-;X;X;1500;2091;Die PARTEI;-;X;X;715;1431;ÖDP;-;X;2501;618;1098;BP;-;X;X;155;279;Volt;Schröder, Christoph;3181;X;1932;676;PdH;-;X;774;176;307;MLPD;-;X;X;29;27;BÜNDNIS DEUTSCHLAND;-;X;X;158;X;BSW;-;X;X;5329;X;EB: Winter;-;X;X;X;X;EB: Lieb;-;X;X;X;X;EB: Treppe;-;X;X;X;X;EB: Dippel;-;X;X;X;X;EB: Zibi;-;X;X;X;X;EB: Hamid;-;X;X;X;X;EB: Dorn;-;X;X;X;X;EB: Wenz;-;X;X;X;X;Sonstige 2021;-;X;1884;X;2465
251;Augsburg-Stadt;11.03.2025;11:43;186448;148097;79,4;5,9;148097;137597;147299;136685;798;912;148097;137597;147555;136821;542;776;CSU;Ullrich, Dr. Volker Michael;CSU;Ullrich, Dr. Volker Michael;45742;37239;41916;33772;SPD;Bahr, Ulrike;20701;24843;19791;26332;GRÜNE;Roth, Claudia Benedikta;30320;29348;24310;27142;FDP;Funke genannt Kaiser, Maximilian Ludwig;4139;11579;6076;15265;AfD;Scheirich, Raimond Christian;25488;11739;25826;12120;FREIE WÄHLER;Wörle, Michael;5463;5420;3359;5329;Die Linke;Wiesholler, Elisabeth Pauline Santoschama;10966;6716;15568;6532;dieBasis;Knörzer, Peter Werner;1434;3033;676;2795;Tierschutzpartei;-;X;X;1189;1441;Die PARTEI;-;X;2228;931;1574;ÖDP;Brandenstein, Maria Hedwig;1078;1515;558;856;BP;-;X;569;153;408;Volt;Kahn, Fabian Georg;1725;659;1021;562;PdH;-;X;X;138;162;MLPD;Bauer, Emil Karl Eckehard;243;159;94;92;BÜNDNIS DEUTSCHLAND;-;X;X;119;X;BSW;-;X;X;5830;X;EB: Winter;-;X;X;X;X;EB: Lieb;-;X;X;X;X;EB: Treppe;-;X;X;X;X;EB: Dippel;-;X;X;X;X;EB: Zibi;-;X;X;X;X;EB: Hamid;-;X;X;X;X;EB: Dorn;-;X;X;X;X;EB: Wenz;-;X;X;X;X;Sonstige 2021;-;X;1638;X;2439
252;Augsburg-Land;11.03.2025;11:44;232095;199564;86,0;4,2;199564;189816;198616;188324;948;1492;199564;189816;198958;188820;606;996;CSU;Durz, Hansjörg;CSU;Durz, Hansjörg;88388;75875;79060;62299;SPD;Heubach, Heike;25217;28108;21263;31693;GRÜNE;Schmidt, Helmut Horst-Werner;18278;23359;21839;24561;FDP;Geier, Dr. Birgit;5509;14379;7946;20767;AfD;Mailbeck, Gabrielle;37563;18069;38629;18010;FREIE WÄHLER;Krumpholz, Otmar;10256;17269;9327;14931;Die Linke;Reinthaler, Markus Rainer;7842;3531;9555;4042;dieBasis;Kahnt, Andreas Emil Rudolf;1969;4306;1001;3849;Tierschutzpartei;-;X;X;1446;2043;Die PARTEI;-;X;167;792;1235;ÖDP;Grönninger, Johann Wolfgang;2117;2850;866;1281;BP;-;X;76;300;856;Volt;Riegel, Konstantin;1477;38;777;386;PdH;-;X;X;120;144;MLPD;-;X;7;43;48;BÜNDNIS DEUTSCHLAND;-;X;X;140;X;BSW;-;X;X;5854;X;EB: Winter;-;X;X;X;X;EB: Lieb;-;X;X;X;X;EB: Treppe;-;X;X;X;X;EB: Dippel;-;X;X;X;X;EB: Zibi;-;X;X;X;X;EB: Hamid;-;X;X;X;X;EB: Dorn;-;X;X;X;X;EB: Wenz;-;X;X;X;X;Sonstige 2021;-;X;290;X;2675
253;Donau-Ries;11.03.2025;11:38;192393;163283;84,9;4,7;163283;154277;162644;153200;639;1077;163283;154277;162759;153472;524;805;CSU;Lange, Ulrich Josef;CSU;Lange, Ulrich Josef;73296;62953;67118;54006;SPD;Schmid, Christoph Florian;19720;29501;15226;25344;GRÜNE;Lund, Adrian;9398;10833;11853;14619;FDP;Posch, Hans-Peter;3895;9724;6071;15325;AfD;Mayer, Andreas;34916;15499;36829;16872;FREIE WÄHLER;Riehl, Florian;9972;14443;10291;14651;Die Linke;Florian, Leon;5536;2990;6249;2804;dieBasis;Goßner, Benjamin Sebastian;1411;3802;911;3356;Tierschutzpartei;-;X;X;1210;1463;Die PARTEI;-;X;X;504;876;ÖDP;Thumbach, Sebastian;965;1399;576;859;BP;-;X;X;222;632;Volt;-;X;X;520;201;PdH;-;X;X;82;78;MLPD;-;X;X;20;14;BÜNDNIS DEUTSCHLAND;-;X;X;109;X;BSW;Seel, Manfred;3535;X;4968;X;EB: Winter;-;X;X;X;X;EB: Lieb;-;X;X;X;X;EB: Treppe;-;X;X;X;X;EB: Dippel;-;X;X;X;X;EB: Zibi;-;X;X;X;X;EB: Hamid;-;X;X;X;X;EB: Dorn;-;X;X;X;X;EB: Wenz;-;X;X;X;X;Sonstige 2021;-;X;2056;X;2372
254;Neu-Ulm;11.03.2025;11:38;215191;178435;82,9;5,3;178435;166513;177392;165192;1043;1321;178435;166513;177791;165504;644;1009;CSU;Engelhard, Alexander Karl;CSU;Engelhard, Alexander Karl;75359;61066;65850;51592;SPD;Büch, Andreas;18762;27471;19105;29232;GRÜNE;Artun, Alpay;14869;18859;15921;18880;FDP;Hecht, Henrik;5121;12809;7349;19447;AfD;Mannes, Gerd Michael;41999;19598;41290;19350;FREIE WÄHLER;Baygül, Ahmet;6162;11288;6688;11112;Die Linke;Le Claire, Vincent;8006;3169;9318;4041;dieBasis;Müller, Dr. Ralf;1422;3014;737;2778;Tierschutzpartei;Weiser, Stephanie Maria Barbara;3014;3629;1914;2466;Die PARTEI;-;X;X;695;1117;ÖDP;-;X;1455;582;965;BP;-;X;X;280;592;Volt;Lipp, Florian Martin;1755;859;1041;501;PdH;Lachenmayer, Raphael Jonas;263;X;149;152;MLPD;-;X;X;38;20;BÜNDNIS DEUTSCHLAND;Miller, Robin Christopher;660;X;280;X;BSW;-;X;X;6554;X;EB: Winter;-;X;X;X;X;EB: Lieb;-;X;X;X;X;EB: Treppe;-;X;X;X;X;EB: Dippel;-;X;X;X;X;EB: Zibi;-;X;X;X;X;EB: Hamid;-;X;X;X;X;EB: Dorn;-;X;X;X;X;EB: Wenz;-;X;X;X;X;Sonstige 2021;-;X;1975;X;3259
255;Memmingen – Unterallgäu;11.03.2025;11:38;159653;134558;84,3;4,9;134558;126025;133601;125018;957;1007;134558;126025;134144;125388;414;637;CSU;Dorn, Dr. Florian Johannes;CSU;Dorn, Dr. Florian Johannes;58479;46914;52442;40140;SPD;Keller, Marcel;12674;15977;12138;18633;GRÜNE;Linse, Joachim;10821;13902;11191;13216;FDP;Steffen, Daniel;3938;9896;5529;14106;AfD;Kuchlbauer, Dr. Simon;30371;14771;31392;14492;FREIE WÄHLER;Kroeschell, Michael;11106;12430;7307;12124;Die Linke;Merx, Jennifer;6212;2749;5955;2787;dieBasis;-;X;4240;722;3419;Tierschutzpartei;-;X;351;1006;1386;Die PARTEI;-;X;919;550;796;ÖDP;-;X;2306;840;1457;BP;-;X;X;235;538;Volt;-;X;41;537;218;PdH;-;X;X;90;113;MLPD;-;X;X;23;11;BÜNDNIS DEUTSCHLAND;-;X;X;126;X;BSW;-;X;X;4061;X;EB: Winter;-;X;X;X;X;EB: Lieb;-;X;X;X;X;EB: Treppe;-;X;X;X;X;EB: Dippel;-;X;X;X;X;EB: Zibi;-;X;X;X;X;EB: Hamid;-;X;X;X;X;EB: Dorn;-;X;X;X;X;EB: Wenz;-;X;X;X;X;Sonstige 2021;-;X;522;X;1952
256;Oberallgäu;11.03.2025;11:44;228068;191695;84,1;4,6;191695;181755;190708;180138;987;1617;191695;181755;190981;180741;714;1014;CSU;Wittmann, Mechthilde;CSU;Wittmann, Mechthilde;70226;53566;72526;55017;SPD;Plappert, Konstantin;16065;28401;20116;29910;GRÜNE;Wörle, Andrea;23668;27817;23601;27393;FDP;Thomae, Stephan;8113;23604;8217;20953;AfD;Rothfuß, Dr. Rainer;31804;14473;33443;14350;FREIE WÄHLER;Baier-Müller, Indra Anja;16475;16181;9774;14970;Die Linke;Bruckdorfer, Gabriel;7461;4911;10015;5043;dieBasis;-;X;5508;1225;5209;Tierschutzpartei;Meiler, Christoph;2978;X;1824;1959;Die PARTEI;-;X;2269;891;1371;ÖDP;Natterer-Babych, Franz Josef;1560;2233;989;1253;BP;-;X;X;280;519;Volt;Maier, Daniel Torsten;2205;X;1410;357;PdH;-;X;X;110;136;MLPD;-;X;X;45;15;BÜNDNIS DEUTSCHLAND;-;X;X;191;X;BSW;-;X;X;6324;X;EB: Winter;-;X;X;X;X;EB: Lieb;-;X;X;X;X;EB: Treppe;-;X;X;X;X;EB: Dippel;-;X;X;X;X;EB: Zibi;-;X;X;X;X;EB: Hamid;-;X;X;X;X;EB: Dorn;Dorn, Alfred;374;X;X;X;EB: Wenz;Wenz, Marc Alexander;9779;X;X;X;Sonstige 2021;-;X;1175;X;2286
257;Ostallgäu;11.03.2025;11:38;161048;136838;85,0;4,9;136838;128337;135925;127362;913;975;136838;128337;136417;127694;421;643;CSU;Stracke, Stephan;CSU;Stracke, Stephan;61899;51276;54705;41319;SPD;Renner, Dr. Regina Michaela;13508;15108;12693;19969;GRÜNE;Wißmiller, Maria Ingrid;14096;15677;13662;16147;FDP;Prost, Marcus;3529;9240;5197;13533;AfD;Dröse, Wolfgang Bernd;26633;11676;27513;11732;FREIE WÄHLER;Knabner, Susen;10158;11537;7524;11624;Die Linke;Lehnhard, Ralf;6102;4767;6463;3194;dieBasis;-;X;4677;754;3706;Tierschutzpartei;-;X;X;1011;1365;Die PARTEI;-;X;1421;659;984;ÖDP;-;X;1528;630;933;BP;-;X;X;276;791;Volt;-;X;X;780;219;PdH;-;X;X;95;95;MLPD;-;X;X;19;17;BÜNDNIS DEUTSCHLAND;-;X;X;145;X;BSW;-;X;X;4291;X;EB: Winter;-;X;X;X;X;EB: Lieb;-;X;X;X;X;EB: Treppe;-;X;X;X;X;EB: Dippel;-;X;X;X;X;EB: Zibi;-;X;X;X;X;EB: Hamid;-;X;X;X;X;EB: Dorn;-;X;X;X;X;EB: Wenz;-;X;X;X;X;Sonstige 2021;-;X;455;X;2066
