Gemeinde;Gemeindename;Wahlkreisnummer;Gebietsnummer;Gebietsart;Gebietsname;Bezirksnummer;Ausgezaehlt abweichend Gebiet;Ausgezaehlt abweichend AGS;Ausbleibend;Wahlberechtigte gesamt (A);Wahlberechtigte ohne Wahlschein (A1);Wahlberechtigte mit Wahlschein (A2);Wahlberechtigte nicht im WVZ (A3);Waehler gesamt (B);Waehler ohne Wahlschein;Waehler mit Wahlschein;Urnenwaehler mit Wahlschein in Urnenwahllokal;Briefwaehler mit Wahlschein in Urnenwahllokal;Direktstimmen ungueltige (C);Direktstimmen gueltige (D);D1;D2;D3;D4;D5;D6;D7;D8;D9;D10;D12;D13;Listenstimmen ungueltige (E);Listenstimmen gueltige (F);F1;F2;F3;F4;F5;F6;F7;F8;F9;F10;F11;F12;F13;F14;F15;F16;F17;
;;223;223;WAHLKREIS;Starnberg – Landsberg am Lech;;;;N;215662;112940;102722;0;188320;89803;98517;480;0;774;187546;80441;24177;31311;6665;24187;6051;6449;1520;2430;1499;698;2118;557;187763;72641;21606;31526;10969;25308;5138;9716;771;1456;875;762;431;1262;131;25;115;5031;
;;223;09181000;KREIS;Landkreis Landsberg am Lech;;;;N;92123;53241;38882;0;80582;43139;37443;149;0;398;80184;33970;9471;12144;2171;12288;3115;3002;837;1103;895;438;750;322;80260;30390;8516;12312;3671;12921;2809;4395;402;710;518;381;278;448;59;14;54;2382;
09181113;Denklingen;223;09181113;GEMEINDE;Denklingen;;;;N;2258;1378;880;0;1989;1138;851;2;0;14;1975;874;182;131;50;484;89;59;25;25;20;14;22;10;1979;799;156;163;72;514;78;76;10;13;10;17;10;8;1;0;0;52;
09181113;Denklingen;223;091811130001;STIMMBEZIRK;Denklingen Mehrzweckhalle;0001;;;N;1582;912;670;0;748;746;2;2;0;7;741;314;61;45;17;207;33;31;7;10;8;3;5;5;743;278;66;58;29;208;28;29;7;6;6;2;0;4;0;0;0;22;
09181113;Denklingen;223;091811130002;STIMMBEZIRK;Epfach Pfarrheim;0002;;;N;535;365;170;0;297;297;0;0;0;3;294;135;22;23;8;77;9;7;1;3;6;2;1;3;294;117;20;23;13;80;13;16;0;1;2;3;2;0;0;0;0;4;
09181113;Denklingen;223;091811130003;STIMMBEZIRK;Dienhausen Feuerwehrgerätehaus;0003;;;N;141;101;40;0;95;95;0;0;0;1;94;50;4;1;1;32;1;1;2;0;0;2;0;1;94;45;4;0;3;37;1;0;1;0;0;0;1;0;0;0;0;2;
09181113;Denklingen;223;091811130011;BRIEFWAHLBEZIRK;Briefwahlbezirk Rathaus Bürgersaal;0011;;;N;0;0;0;0;483;0;483;0;0;1;482;231;48;40;15;85;25;9;7;6;4;4;8;0;483;229;37;49;19;96;15;13;2;1;1;3;4;2;1;0;0;11;
09181113;Denklingen;223;091811130012;BRIEFWAHLBEZIRK;Briefwahlbezirk Rathaus Erdgeschoss;0012;;;N;0;0;0;0;366;0;366;0;0;2;364;144;47;22;9;83;21;11;8;6;2;3;8;1;365;130;29;33;8;93;21;18;0;5;1;9;3;2;0;0;0;13;
09181114;Dießen;223;09181114;GEMEINDE;Dießen;;;;N;8251;4072;4179;0;7284;3275;4009;18;0;46;7238;2823;1061;1450;237;806;228;335;52;93;63;21;69;39;7245;2562;883;1466;423;856;170;479;25;60;37;33;19;29;4;0;3;196;
09181114;Dießen;223;091811140001;STIMMBEZIRK;Rathaus;0001;;;N;940;469;471;0;363;363;0;0;0;1;362;106;59;70;17;49;6;35;5;5;4;1;5;3;360;99;47;71;18;50;5;43;3;3;2;3;2;2;0;0;0;12;
09181114;Dießen;223;091811140002;STIMMBEZIRK;Blaues Haus;0002;;;N;919;476;443;0;345;343;2;2;0;0;345;112;65;67;8;49;13;22;3;1;2;0;3;1;344;109;49;63;22;53;5;31;1;2;2;0;0;0;0;0;0;7;
09181114;Dießen;223;091811140003;STIMMBEZIRK;Carl-Orff-Schule Dießen;0003;;;N;980;470;510;0;375;374;1;1;0;1;374;133;47;78;14;53;14;20;2;7;4;0;2;1;374;114;46;75;28;56;9;26;2;5;2;1;0;0;0;0;0;10;
09181114;Dießen;223;091811140004;STIMMBEZIRK;Seniorenresidenz Augustinum;0004;;;N;917;513;404;0;421;421;0;0;0;6;415;146;93;91;7;40;8;17;3;1;4;0;5;6;415;132;80;100;23;38;1;18;1;4;2;1;0;3;0;0;0;12;
09181114;Dießen;223;091811140005;STIMMBEZIRK;St. Georgen I Kindergarten;0005;;;N;1130;499;631;0;403;403;0;0;0;4;399;130;50;86;13;73;9;21;5;5;3;0;4;3;400;116;35;96;25;72;6;24;4;3;0;2;0;1;0;0;0;16;
09181114;Dießen;223;091811140006;STIMMBEZIRK;St. Georgen II VHS Dießen;0006;;;N;1047;462;585;0;390;384;6;6;0;2;388;115;56;114;10;59;3;13;5;5;5;0;3;1;389;105;44;99;26;61;4;25;2;4;4;3;1;0;0;0;0;11;
09181114;Dießen;223;091811140007;STIMMBEZIRK;Feuerwehr Dettenhofen;0007;;;N;312;188;124;0;162;161;1;1;0;1;161;91;15;18;2;21;5;5;0;0;1;2;1;0;162;89;15;17;2;23;3;7;0;0;0;0;0;0;0;0;1;5;
09181114;Dießen;223;091811140008;STIMMBEZIRK;Kindergarten Dettenschwang;0008;;;N;572;287;285;0;235;233;2;2;0;2;233;96;26;30;9;42;14;6;2;2;5;0;1;0;235;90;20;29;15;49;5;12;0;1;2;2;1;1;0;0;0;8;
09181114;Dießen;223;091811140009;STIMMBEZIRK;Obermühlhausen Dorfstadl;0009;;;N;283;151;132;0;120;118;2;2;0;0;120;41;11;16;2;33;4;6;0;2;0;4;1;0;120;31;10;16;11;30;4;8;1;1;2;0;1;0;0;0;0;5;
09181114;Dießen;223;091811140010;STIMMBEZIRK;Riederau Kinderhaus;0010;;;N;1151;557;594;0;479;475;4;4;0;2;477;155;70;105;33;71;14;13;5;3;5;1;2;3;476;136;56;114;42;79;10;21;1;0;3;1;0;3;0;0;0;10;
09181114;Dießen;223;091811140021;BRIEFWAHLBEZIRK;Briefwahl Halle IV;0021;;;N;0;0;0;0;499;0;499;0;0;2;497;231;68;90;14;42;20;13;0;12;4;1;2;2;497;205;56;98;32;50;19;19;0;5;3;3;0;0;0;0;0;7;
09181114;Dießen;223;091811140022;BRIEFWAHLBEZIRK;Briefwahl Halle IV;0022;;;N;0;0;0;0;509;0;509;0;0;3;506;220;74;98;21;42;20;17;1;6;2;4;1;3;506;197;63;107;31;44;18;23;0;4;1;2;4;1;1;0;1;9;
09181114;Dießen;223;091811140023;BRIEFWAHLBEZIRK;Briefwahl Halle IV;0023;;;N;0;0;0;0;499;0;499;0;0;2;497;234;76;92;13;33;16;15;1;7;5;1;4;1;498;212;65;95;17;40;18;25;1;5;3;3;4;3;0;0;0;7;
09181114;Dießen;223;091811140024;BRIEFWAHLBEZIRK;Briefwahl MZH;0024;;;N;0;0;0;0;499;0;499;0;0;2;497;238;72;88;19;41;8;14;0;4;3;2;8;2;497;211;62;80;38;41;9;27;0;4;4;1;2;3;0;0;1;14;
09181114;Dießen;223;091811140025;BRIEFWAHLBEZIRK;Briefwahl MZH;0025;;;N;0;0;0;0;498;0;498;0;0;2;496;200;63;119;13;38;13;26;4;6;3;1;10;0;498;189;49;117;22;40;10;42;1;2;1;6;2;5;0;0;0;12;
09181114;Dießen;223;091811140026;BRIEFWAHLBEZIRK;Briefwahl MZH;0026;;;N;0;0;0;0;506;0;506;0;0;15;491;218;68;95;16;37;13;25;2;7;6;1;3;13;493;205;64;91;25;36;12;35;1;5;5;0;0;1;1;0;0;12;
09181114;Dießen;223;091811140027;BRIEFWAHLBEZIRK;Briefwahl MZH;0027;;;N;0;0;0;0;490;0;490;0;0;1;489;186;77;103;16;34;25;24;5;8;1;3;7;0;490;168;61;106;30;40;18;35;2;5;0;2;2;2;0;0;0;19;
09181114;Dießen;223;091811140028;BRIEFWAHLBEZIRK;Briefwahl MZH;0028;;;N;0;0;0;0;491;0;491;0;0;0;491;171;71;90;10;49;23;43;9;12;6;0;7;0;491;154;61;92;16;54;14;58;5;7;1;3;0;4;2;0;0;20;
09181116;Egling;223;09181116;GEMEINDE;Egling;;;;N;1873;1205;668;0;1650;965;685;0;0;2;1648;767;130;187;30;317;79;49;9;20;14;31;15;3;1647;699;113;188;52;340;66;70;4;18;8;13;26;11;1;0;1;37;
09181116;Egling;223;091811160001;STIMMBEZIRK;Grundschule Egling;1;;;N;1475;948;527;0;744;744;0;0;0;0;744;334;59;92;13;157;27;27;3;5;4;15;8;1;743;307;48;94;23;169;25;35;2;6;3;4;9;5;0;0;0;13;
09181116;Egling;223;091811160002;STIMMBEZIRK;Gmuahaus;2;;;N;398;257;141;0;221;221;0;0;0;1;220;112;10;17;6;54;12;1;1;0;2;4;1;2;219;101;6;16;11;60;7;3;0;0;1;3;5;1;0;0;0;5;
09181116;Egling;223;091811160011;BRIEFWAHLBEZIRK;Briefwahlbezirk;11;;;N;0;0;0;0;685;0;685;0;0;1;684;321;61;78;11;106;40;21;5;15;8;12;6;0;685;291;59;78;18;111;34;32;2;12;4;6;12;5;1;0;1;19;
09181122;Geltendorf;223;09181122;GEMEINDE;Geltendorf;;;;N;4421;2470;1951;0;3976;2093;1883;3;0;14;3962;1660;441;667;100;563;158;161;56;58;41;15;42;16;3960;1496;419;652;151;600;144;225;20;31;22;32;12;35;2;1;0;118;
09181122;Geltendorf;223;091811220001;STIMMBEZIRK;Aula Schule Geltendorf;001;;;N;1225;714;511;0;613;613;0;0;0;1;612;228;72;129;17;81;16;40;9;10;4;1;5;2;611;199;64;125;28;84;14;43;4;6;5;8;1;4;0;0;0;26;
09181122;Geltendorf;223;091811220002;STIMMBEZIRK;Bürgerhaus Geltendorf;002;;;N;1221;654;567;0;553;553;0;0;0;2;551;203;79;102;24;74;23;25;7;6;6;1;1;3;550;182;69;99;33;77;17;42;4;7;3;2;1;3;0;1;0;10;
09181122;Geltendorf;223;091811220003;STIMMBEZIRK;Alte Schule Walleshausen;003;;;N;1103;606;497;0;520;519;1;1;0;3;517;212;40;61;11;127;30;13;6;6;7;2;2;2;518;192;39;58;21;136;19;20;2;3;2;8;2;1;0;0;0;15;
09181122;Geltendorf;223;091811220004;STIMMBEZIRK;TTC-Heim Kaltenberg;004;;;N;531;277;254;0;220;218;2;2;0;0;220;87;21;32;7;44;4;5;7;6;3;1;3;0;220;75;25;30;5;46;5;12;4;1;2;3;0;3;0;0;0;9;
09181122;Geltendorf;223;091811220005;STIMMBEZIRK;Alte Schule Hausen;005;;;N;341;219;122;0;190;190;0;0;0;0;190;109;13;16;1;32;5;10;1;1;0;1;1;1;189;93;16;17;1;34;7;11;0;0;0;1;0;1;0;0;0;8;
09181122;Geltendorf;223;091811220011;BRIEFWAHLBEZIRK;Turnhalle Geltendorf;011;;;N;0;0;0;0;599;0;599;0;0;3;596;257;71;108;11;66;22;26;15;4;6;3;7;3;596;229;66;107;26;71;28;31;4;4;5;2;3;4;0;0;0;16;
09181122;Geltendorf;223;091811220012;BRIEFWAHLBEZIRK;Zeichensaal Schule Geltendorf;012;;;N;0;0;0;0;634;0;634;0;0;2;632;281;73;111;18;56;28;17;4;16;9;3;16;2;632;265;71;109;23;67;24;30;1;4;2;4;2;14;2;0;0;14;
09181122;Geltendorf;223;091811220013;BRIEFWAHLBEZIRK;Feuerwehrhaus Geltendorf;013;;;N;0;0;0;0;647;0;647;0;0;3;644;283;72;108;11;83;30;25;7;9;6;3;7;3;644;261;69;107;14;85;30;36;1;6;3;4;3;5;0;0;0;20;
09181128;Kaufering;223;09181128;GEMEINDE;Kaufering;;;;N;7437;4697;2740;0;6355;3710;2645;15;0;41;6314;2534;889;915;165;1100;189;213;55;105;74;23;52;40;6315;2233;775;983;257;1134;161;309;31;78;37;33;18;31;8;1;8;218;
09181128;Kaufering;223;091811280001;STIMMBEZIRK;Kindergarten Maria Himmelfahrt;1;;;N;1676;1103;573;0;866;862;4;4;0;8;858;320;110;137;20;182;22;28;3;11;12;3;10;7;859;292;97;141;27;186;9;48;2;7;10;8;1;3;0;0;0;28;
09181128;Kaufering;223;091811280002;STIMMBEZIRK;Leonhardisaal;2;;;N;740;420;320;0;361;359;2;2;0;0;361;154;31;48;12;73;15;14;4;2;4;2;2;2;359;131;28;47;19;75;13;21;2;3;2;4;1;2;1;0;0;10;
09181128;Kaufering;223;091811280003;STIMMBEZIRK;Evang. Kirche Pfarrsaal;3;;;N;770;533;237;0;374;373;1;1;0;3;371;121;43;43;9;115;6;17;7;3;5;1;1;4;370;101;35;45;17;111;3;28;3;4;3;0;1;0;0;0;0;19;
09181128;Kaufering;223;091811280004;STIMMBEZIRK;Mittelschule;4;;;N;1768;1098;670;0;883;883;0;0;0;4;879;308;126;125;20;208;13;35;10;16;10;2;6;4;879;283;100;126;31;211;18;51;7;9;5;0;2;2;3;0;3;28;
09181128;Kaufering;223;091811280005;STIMMBEZIRK;Bücherei;5;;;N;829;493;336;0;422;421;1;1;0;2;420;167;80;45;15;81;7;13;1;6;3;1;1;4;418;143;71;59;18;86;6;19;2;8;0;1;0;0;0;0;0;5;
09181128;Kaufering;223;091811280006;STIMMBEZIRK;Evang. Kindergarten;6;;;N;907;539;368;0;470;465;5;5;0;1;469;206;47;96;11;67;15;21;1;1;2;0;2;2;468;179;46;89;14;72;10;24;0;1;2;3;1;4;1;0;1;21;
09181128;Kaufering;223;091811280007;STIMMBEZIRK;VHS Seminarraum;7;;;N;747;511;236;0;349;347;2;2;0;5;344;108;63;31;5;91;11;17;2;7;5;2;2;12;337;94;52;34;14;87;5;19;2;9;1;1;1;2;0;0;1;15;
09181128;Kaufering;223;091811280011;BRIEFWAHLBEZIRK;Sitzungssaal;11;;;N;0;0;0;0;850;0;850;0;0;3;847;374;113;117;21;99;36;20;14;20;14;10;9;0;850;314;97;144;35;115;40;35;9;10;5;6;5;4;2;1;3;25;
09181128;Kaufering;223;091811280012;BRIEFWAHLBEZIRK;Bauhof;12;;;N;0;0;0;0;895;0;895;0;0;9;886;375;139;143;21;103;32;25;5;23;9;2;9;2;893;347;121;156;33;109;21;38;3;13;6;5;4;7;1;0;0;29;
09181128;Kaufering;223;091811280013;BRIEFWAHLBEZIRK;Seminarraum;13;;;N;0;0;0;0;885;0;885;0;0;6;879;401;137;130;31;81;32;23;8;16;10;0;10;3;882;349;128;142;49;82;36;26;1;14;3;5;2;7;0;0;0;38;
09181130;Landsberg am Lech;223;09181130;GEMEINDE;Landsberg am Lech;;;;N;21044;13210;7834;0;17638;10179;7459;64;0;88;17550;6764;2501;2959;549;2594;512;834;157;241;209;66;164;74;17564;6055;2223;2971;868;2647;448;1202;87;128;132;62;31;96;11;1;12;590;
09181130;Landsberg am Lech;223;091811300001;STIMMBEZIRK;Historisches Rathaus;0001;;;N;977;634;343;0;443;440;3;3;0;5;438;128;72;93;9;61;10;30;5;12;12;6;0;3;440;108;68;84;15;65;6;56;3;5;7;0;0;3;1;0;0;19;
09181130;Landsberg am Lech;223;091811300002;STIMMBEZIRK;Agrarbildungszentrum;0002;;;N;1169;736;433;0;554;550;4;4;0;6;548;167;95;116;14;85;16;33;3;6;8;0;5;6;548;156;87;110;24;84;8;56;2;2;3;2;0;1;0;0;0;13;
09181130;Landsberg am Lech;223;091811300003;STIMMBEZIRK;Kloster der Dominikanerinnen;0003;;;N;977;665;312;0;466;455;11;11;0;7;459;179;69;53;9;76;7;35;5;12;9;2;3;3;463;157;66;57;18;78;6;38;3;9;3;1;2;2;1;0;0;22;
09181130;Landsberg am Lech;223;091811300004;STIMMBEZIRK;Schule am Luisenhof;0004;;;N;867;539;328;0;460;458;2;2;0;3;457;187;75;90;12;55;11;16;3;5;3;0;0;3;457;176;66;73;24;58;6;30;2;4;4;0;0;2;0;0;1;11;
09181130;Landsberg am Lech;223;091811300005;STIMMBEZIRK;Grundschule Pössinger Straße;0005;;;N;875;514;361;0;410;409;1;1;0;4;406;152;58;72;12;67;7;21;7;4;3;0;3;3;407;133;55;70;18;71;9;26;5;2;1;2;0;2;1;0;0;12;
09181130;Landsberg am Lech;223;091811300006;STIMMBEZIRK;Sportzentrum;0006;;;N;1435;803;632;0;601;599;2;2;0;2;599;190;87;107;18;121;15;34;9;5;6;1;6;3;598;166;78;99;29;119;16;52;2;3;2;4;1;2;0;0;2;23;
09181130;Landsberg am Lech;223;091811300007;STIMMBEZIRK;Grundschule in der Katharinenvorstadt I;0007;;;N;991;557;434;0;399;396;3;3;0;2;397;138;47;68;7;96;13;15;4;4;3;2;0;1;398;128;47;55;11;99;10;24;1;2;2;0;1;1;0;0;0;17;
09181130;Landsberg am Lech;223;091811300008;STIMMBEZIRK;Grundschule in der Katharinenvorstadt II;0008;;;N;1227;724;503;0;629;626;3;3;0;4;625;227;103;115;29;94;14;22;4;6;6;0;5;3;626;220;74;121;41;92;10;38;2;1;4;3;0;4;0;0;0;16;
09181130;Landsberg am Lech;223;091811300009;STIMMBEZIRK;Agentur für Arbeit;0009;;;N;993;608;385;0;462;460;2;2;0;8;454;189;68;67;16;66;7;19;3;5;5;0;9;6;456;161;50;76;27;73;7;34;3;3;3;1;1;1;0;0;0;16;
09181130;Landsberg am Lech;223;091811300010;STIMMBEZIRK;Mittelschule Landsberg am Lech I;0010;;;N;829;543;286;0;357;352;5;5;0;3;354;108;42;37;13;99;7;27;2;5;7;3;4;1;356;102;35;35;21;96;11;26;2;6;5;0;1;3;0;0;0;13;
09181130;Landsberg am Lech;223;091811300011;STIMMBEZIRK;Mittelschule Landsberg am Lech II;0011;;;N;763;558;205;0;382;382;0;0;0;3;379;112;46;37;15;114;8;28;4;6;4;3;2;3;379;101;33;36;25;108;5;37;1;2;6;1;3;0;0;0;0;21;
09181130;Landsberg am Lech;223;091811300012;STIMMBEZIRK;Dominikus-Zimmermann-Gymnasium;0012;;;N;1070;640;430;0;537;535;2;2;0;1;536;221;81;94;14;63;16;27;1;5;3;2;9;4;533;189;71;106;22;74;10;35;1;3;2;4;0;5;0;0;0;11;
09181130;Landsberg am Lech;223;091811300013;STIMMBEZIRK;Kindergarten St. Elisabeth;0013;;;N;1119;743;376;0;613;611;2;2;0;3;610;245;76;76;24;117;16;35;0;9;6;2;4;2;611;225;77;70;30;116;8;42;2;7;3;2;0;0;0;0;1;28;
09181130;Landsberg am Lech;223;091811300014;STIMMBEZIRK;Kinderkrippe Lechwichtel;0014;;;N;916;679;237;0;455;449;6;6;0;5;450;134;47;31;11;156;9;36;4;9;7;3;3;8;447;114;51;30;16;152;6;39;4;4;3;1;1;3;0;0;0;23;
09181130;Landsberg am Lech;223;091811300015;STIMMBEZIRK;IWL Werkstätten;0015;;;N;964;654;310;0;487;487;0;0;0;3;484;185;63;48;10;102;21;29;6;7;5;1;7;3;484;172;50;49;15;100;16;39;7;3;3;1;1;3;0;0;0;25;
09181130;Landsberg am Lech;223;091811300016;STIMMBEZIRK;Heilpäd. Tagesstätte der Lebenshilfe;0016;;;N;1201;730;471;0;611;607;4;4;0;1;610;213;93;137;13;85;18;30;5;5;6;1;4;3;608;179;87;140;21;86;14;47;1;2;5;1;1;1;0;0;0;23;
09181130;Landsberg am Lech;223;091811300017;STIMMBEZIRK;Evangelisches Gemeindehaus;0017;;;N;940;550;390;0;352;352;0;0;0;3;349;125;48;55;9;73;13;15;2;4;3;1;1;2;350;120;40;51;16;74;13;24;1;0;4;1;1;0;0;0;0;5;
09181130;Landsberg am Lech;223;091811300018;STIMMBEZIRK;Feuerwehrhaus Ellighofen;0018;;;N;323;199;124;0;166;165;1;1;0;0;166;66;9;26;9;37;7;7;0;1;0;1;3;0;166;61;12;25;9;41;4;13;0;0;0;0;0;0;0;0;1;0;
09181130;Landsberg am Lech;223;091811300019;STIMMBEZIRK;Grundschule Erpfting;0019;;;N;943;567;376;0;477;476;1;1;0;0;477;222;57;59;14;72;24;14;3;5;6;1;0;1;476;192;58;57;23;82;18;24;0;2;5;1;2;0;1;0;0;11;
09181130;Landsberg am Lech;223;091811300020;STIMMBEZIRK;Ehem. Schule Pitzling;0020;;;N;522;333;189;0;297;294;3;3;0;0;297;94;56;47;15;45;10;14;4;0;6;0;6;0;297;96;42;50;14;45;4;29;1;3;4;0;0;2;1;0;0;6;
09181130;Landsberg am Lech;223;091811300021;STIMMBEZIRK;Feuerwehrhaus Reisch;0021;;;N;466;283;183;0;256;249;7;7;0;0;256;107;21;44;12;37;10;13;3;2;5;1;1;0;256;88;28;39;17;41;7;15;3;0;2;1;0;1;0;0;0;14;
09181130;Landsberg am Lech;223;091811300022;STIMMBEZIRK;THW (Technisches Hilfswerk);0022;;;N;913;587;326;0;514;512;2;2;0;3;511;164;75;72;18;125;13;24;2;3;8;5;2;3;511;142;72;68;24;124;10;31;4;2;5;4;0;2;0;0;1;22;
09181130;Landsberg am Lech;223;091811300023;STIMMBEZIRK;KiTa am Wiesenring;0023;;;N;564;364;200;0;315;315;0;0;0;2;313;105;41;49;16;66;10;13;1;4;3;0;5;1;314;95;40;50;19;66;6;12;2;3;4;1;0;5;0;0;0;11;
09181130;Landsberg am Lech;223;091811300024;BRIEFWAHLBEZIRK;Briefwahllokal I;0031;;;N;0;0;0;0;723;0;723;0;0;5;718;317;98;119;34;87;11;21;4;10;9;3;5;3;720;294;81;136;49;87;12;27;1;5;8;0;2;1;0;0;1;16;
09181130;Landsberg am Lech;223;091811300025;BRIEFWAHLBEZIRK;Briefwahllokal II;0032;;;N;0;0;0;0;745;0;745;0;0;1;744;325;112;114;27;78;21;34;5;10;8;1;9;2;743;279;97;130;40;77;24;40;2;8;7;4;2;7;1;0;1;24;
09181130;Landsberg am Lech;223;091811300026;BRIEFWAHLBEZIRK;Briefwahllokal III;0033;;;N;0;0;0;0;770;0;770;0;0;2;768;287;100;155;24;59;26;60;14;15;11;3;14;1;769;245;89;142;47;62;29;86;7;6;8;7;0;11;2;0;1;27;
09181130;Landsberg am Lech;223;091811300027;BRIEFWAHLBEZIRK;Briefwahllokal IV;0034;;;N;0;0;0;0;727;0;727;0;0;1;726;334;120;119;20;62;26;16;2;11;6;6;4;0;727;298;93;138;37;62;31;27;2;6;5;3;3;3;0;0;0;19;
09181130;Landsberg am Lech;223;091811300028;BRIEFWAHLBEZIRK;Briefwahllokal V;0035;;;N;0;0;0;0;764;0;764;0;0;2;762;330;116;139;18;71;36;20;4;14;10;0;4;3;761;301;105;145;31;72;28;34;3;7;6;5;0;5;0;0;2;17;
09181130;Landsberg am Lech;223;091811300029;BRIEFWAHLBEZIRK;Briefwahllokal VI;0036;;;N;0;0;0;0;740;0;740;0;0;1;739;311;101;150;25;71;21;22;13;13;5;3;4;0;740;282;95;142;38;78;20;43;5;7;2;1;1;2;1;0;0;23;
09181130;Landsberg am Lech;223;091811300030;BRIEFWAHLBEZIRK;Briefwahllokal VII;0037;;;N;0;0;0;0;740;0;740;0;0;1;739;284;107;152;26;67;21;28;16;15;9;3;11;0;740;273;99;153;36;59;28;42;5;7;2;4;3;4;1;0;0;24;
09181130;Landsberg am Lech;223;091811300031;BRIEFWAHLBEZIRK;Briefwahllokal VIII;0038;;;N;0;0;0;0;731;0;731;0;0;1;730;293;100;148;19;68;32;38;6;5;7;2;12;1;730;236;84;154;43;79;32;56;2;1;1;2;1;7;0;0;1;31;
09181130;Landsberg am Lech;223;091811300039;BRIEFWAHLBEZIRK;Briefwahllokal IX;0039;;;N;0;0;0;0;728;0;728;0;0;3;725;270;116;155;14;55;18;40;9;17;11;6;14;0;728;239;91;162;32;65;15;60;3;9;6;4;2;11;0;0;0;29;
09181130;Landsberg am Lech;223;091811300040;BRIEFWAHLBEZIRK;Briefwahllokal X;0040;;;N;0;0;0;0;727;0;727;0;0;3;724;355;102;115;23;64;18;18;4;7;9;4;5;2;725;327;102;118;36;62;19;20;5;4;7;1;2;2;1;1;0;18;
09181132;Penzing;223;09181132;GEMEINDE;Penzing;;;;N;2881;1531;1350;0;2553;1266;1287;7;0;13;2540;1219;254;267;56;468;91;76;23;40;22;14;10;15;2538;1079;220;301;85;492;97;101;9;28;15;8;12;6;3;1;2;79;
09181132;Penzing;223;091811320001;STIMMBEZIRK;Schulturnhalle Penzing;0001;;;N;923;492;431;0;387;386;1;1;0;5;382;171;45;41;6;80;10;14;4;4;4;0;3;5;382;157;35;50;14;83;7;18;0;2;2;0;0;2;0;0;1;11;
09181132;Penzing;223;091811320002;STIMMBEZIRK;Pfarrheim Penzing;0002;;;N;625;321;304;0;266;262;4;4;0;0;266;128;23;31;4;57;8;9;2;0;2;2;0;1;265;109;16;35;12;56;7;12;1;2;4;0;1;0;0;1;0;9;
09181132;Penzing;223;091811320003;STIMMBEZIRK;Epfenhausen;0003;;;N;312;165;147;0;139;139;0;0;0;0;139;61;10;10;2;42;3;4;1;1;2;2;1;1;138;57;9;8;3;41;2;8;0;0;1;1;2;2;0;0;0;4;
09181132;Penzing;223;091811320004;STIMMBEZIRK;Oberbergen;0004;;;N;355;215;140;0;190;190;0;0;0;1;189;80;19;20;6;41;5;9;2;3;3;1;0;0;190;70;19;19;5;50;5;10;0;3;1;0;1;0;1;0;0;6;
09181132;Penzing;223;091811320005;STIMMBEZIRK;Ramsach;0005;;;N;337;184;153;0;156;156;0;0;0;2;154;64;16;9;2;43;4;5;0;6;3;2;0;2;154;55;18;9;4;42;6;6;0;4;0;3;2;1;1;0;0;3;
09181132;Penzing;223;091811320006;STIMMBEZIRK;Untermühlhausen;0006;;;N;329;154;175;0;135;133;2;2;0;1;134;76;14;17;4;12;4;4;1;1;0;0;1;4;131;63;10;20;6;14;8;4;0;0;0;0;0;1;0;0;0;5;
09181132;Penzing;223;091811320011;BRIEFWAHLBEZIRK;Briefwahlbezirk 1;0011;;;N;0;0;0;0;404;0;404;0;0;1;403;197;46;50;13;65;8;8;2;10;2;1;1;0;404;180;37;55;15;65;17;16;1;7;1;0;0;0;0;0;0;10;
09181132;Penzing;223;091811320012;BRIEFWAHLBEZIRK;Briefwahlbezirk 2;0012;;;N;0;0;0;0;288;0;288;0;0;1;287;167;22;25;6;28;14;10;4;3;1;5;2;0;288;151;20;30;9;31;12;9;2;1;2;0;4;0;0;0;0;17;
09181132;Penzing;223;091811320013;BRIEFWAHLBEZIRK;Briefwahlbezirk 3;0013;;;N;0;0;0;0;309;0;309;0;0;2;307;149;34;27;4;49;19;8;4;5;5;1;2;1;308;131;32;36;10;51;17;8;3;3;3;3;1;0;0;0;0;10;
09181132;Penzing;223;091811320014;BRIEFWAHLBEZIRK;Briefwahlbezirk 4;0014;;;N;0;0;0;0;279;0;279;0;0;0;279;126;25;37;9;51;16;5;3;7;0;0;0;1;278;106;24;39;7;59;16;10;2;6;1;1;1;0;1;0;1;4;
09181144;Utting;223;09181144;GEMEINDE;Utting;;;;N;3518;1742;1776;0;3220;1489;1731;2;0;9;3211;1250;453;787;102;255;110;122;29;33;27;9;34;10;3210;1154;395;775;162;280;76;204;14;29;17;8;3;19;4;0;0;70;
09181144;Utting;223;091811440001;STIMMBEZIRK;Volksschule;1;;;N;939;467;472;0;391;390;1;1;0;2;389;140;42;89;14;59;13;16;5;3;3;1;4;2;389;125;37;83;24;60;6;32;3;2;3;3;0;1;1;0;0;9;
09181144;Utting;223;091811440002;STIMMBEZIRK;Katholisches Pfarrheim;2;;;N;906;453;453;0;373;373;0;0;0;3;370;126;41;111;10;37;12;17;7;5;4;0;0;4;369;123;41;103;16;33;8;25;2;6;1;0;0;1;1;0;0;9;
09181144;Utting;223;091811440003;STIMMBEZIRK;Feuerwehrhaus;3;;;N;842;401;441;0;348;347;1;1;0;1;347;110;65;86;2;38;15;19;2;1;3;2;4;1;347;101;46;90;13;40;11;34;2;0;1;0;2;1;0;0;0;6;
09181144;Utting;223;091811440004;STIMMBEZIRK;Bayer. Verwaltungsschule;4;;;N;831;421;410;0;379;379;0;0;0;0;379;145;41;98;20;27;17;15;6;5;1;0;4;0;379;143;31;104;23;34;9;18;2;3;1;0;0;4;1;0;0;6;
09181144;Utting;223;091811440011;BRIEFWAHLBEZIRK;Briefwahl 11;11;;;N;0;0;0;0;463;0;463;0;0;0;463;191;73;95;18;32;20;15;4;4;3;2;6;0;463;176;58;99;23;40;14;28;2;5;2;0;0;2;1;0;0;13;
09181144;Utting;223;091811440012;BRIEFWAHLBEZIRK;Briefwahl 12;12;;;N;0;0;0;0;442;0;442;0;0;3;439;200;69;92;12;21;13;13;3;5;3;2;6;2;440;182;64;90;25;24;10;22;1;6;1;2;1;4;0;0;0;8;
09181144;Utting;223;091811440013;BRIEFWAHLBEZIRK;Briefwahl 13;13;;;N;0;0;0;0;431;0;431;0;0;0;431;180;61;113;14;27;2;17;0;7;4;2;4;0;431;159;57;108;20;34;5;26;0;3;1;3;0;1;0;0;0;14;
09181144;Utting;223;091811440014;BRIEFWAHLBEZIRK;Briefwahl 14;14;;;N;0;0;0;0;393;0;393;0;0;0;393;158;61;103;12;14;18;10;2;3;6;0;6;1;392;145;61;98;18;15;13;19;2;4;7;0;0;5;0;0;0;5;
09181145;Weil;223;09181145;GEMEINDE;Weil;;;;N;3097;1809;1288;0;2782;1533;1249;7;0;12;2770;1368;255;257;60;477;149;70;26;35;24;16;33;11;2771;1196;239;261;130;515;144;111;13;23;13;18;13;18;2;0;3;72;
09181145;Weil;223;091811450001;STIMMBEZIRK;Weil;1;;;N;1070;587;483;0;496;493;3;3;0;2;494;244;47;44;10;101;11;15;4;6;5;2;5;6;490;215;49;42;13;109;10;22;2;4;4;0;2;5;1;0;0;12;
09181145;Weil;223;091811450002;STIMMBEZIRK;Beuerbach;2;;;N;193;123;70;0;107;107;0;0;0;2;105;51;6;6;4;26;3;6;1;1;1;0;0;0;107;39;6;5;6;28;8;8;1;1;1;0;0;1;1;0;1;1;
09181145;Weil;223;091811450003;STIMMBEZIRK;Geretshausen;3;;;N;358;197;161;0;167;167;0;0;0;1;166;83;18;20;2;28;9;3;1;0;0;1;1;2;165;77;12;17;6;30;6;6;0;0;0;5;2;2;0;0;1;1;
09181145;Weil;223;091811450004;STIMMBEZIRK;Pestenacker;4;;;N;216;135;81;0;118;118;0;0;0;2;116;64;6;4;2;25;12;2;0;0;1;0;0;1;117;61;4;6;5;25;10;1;1;0;1;1;0;0;0;0;0;2;
09181145;Weil;223;091811450005;STIMMBEZIRK;Petzenhausen;5;;;N;395;229;166;0;208;206;2;2;0;1;207;102;15;24;2;47;6;0;1;5;3;1;1;0;208;89;16;23;7;52;2;6;0;4;1;1;0;0;0;0;0;7;
09181145;Weil;223;091811450006;STIMMBEZIRK;Schwabhausen;6;;;N;865;538;327;0;444;442;2;2;0;2;442;187;53;43;14;80;20;19;3;9;6;2;6;2;442;162;45;42;27;85;20;27;3;5;2;4;1;7;0;0;1;11;
09181145;Weil;223;091811450011;BRIEFWAHLBEZIRK;Briefwahlbezirk 11;11;;;N;0;0;0;0;465;0;465;0;0;0;465;281;42;24;8;50;30;11;7;2;4;2;4;0;465;253;41;28;19;58;27;17;4;2;2;0;2;0;0;0;0;12;
09181145;Weil;223;091811450012;BRIEFWAHLBEZIRK;Briefwahlbezirk 12;12;;;N;0;0;0;0;381;0;381;0;0;0;381;174;34;46;10;59;24;8;5;5;4;4;8;0;381;155;31;52;18;60;26;14;1;2;2;3;3;2;0;0;0;12;
09181145;Weil;223;091811450013;BRIEFWAHLBEZIRK;Briefwahlbezirk 13;13;;;N;0;0;0;0;396;0;396;0;0;2;394;182;34;46;8;61;34;6;4;7;0;4;8;0;396;145;35;46;29;68;35;10;1;5;0;4;3;1;0;0;0;14;
;;223;091815138;VERBANDSGEMEINDE;Verwaltungsgemeinschaft Fuchstal;;;;N;4413;2518;1895;0;3892;2075;1817;2;0;18;3874;1733;441;383;71;681;178;134;75;66;62;30;20;10;3882;1531;350;433;143;715;189;176;42;47;34;22;13;18;4;2;5;158;
09181121;Fuchstal;223;09181121;GEMEINDE;Fuchstal;;;;N;3264;1794;1470;0;2880;1472;1408;1;0;10;2870;1282;342;265;53;527;125;92;52;49;47;23;13;3;2877;1141;272;305;111;542;134;121;36;35;25;16;11;9;4;1;3;111;
09181121;Fuchstal;223;091811210101;STIMMBEZIRK;Leeder;0101;;;N;1714;921;793;0;753;752;1;1;0;2;751;323;75;66;19;174;22;34;14;14;7;2;1;1;752;289;54;79;32;184;18;42;9;10;7;5;0;2;1;0;0;20;
09181121;Fuchstal;223;091811210102;STIMMBEZIRK;Asch;0102;;;N;1029;572;457;0;487;487;0;0;0;1;486;219;57;46;7;97;19;18;4;8;9;2;0;0;487;200;39;54;16;96;20;24;6;6;2;5;2;1;0;1;0;15;
09181121;Fuchstal;223;091811210103;STIMMBEZIRK;Seestall;0103;;;N;521;301;220;0;233;233;0;0;0;1;232;82;32;23;7;53;5;7;10;5;3;3;2;0;233;71;30;31;11;52;2;4;4;6;2;0;0;1;3;0;0;16;
09181121;Fuchstal;223;091811210111;BRIEFWAHLBEZIRK;Briefwahl Leeder 1;0111;;;N;0;0;0;0;624;0;624;0;0;2;622;297;96;41;12;91;32;14;8;8;10;8;5;1;623;261;87;40;24;91;43;20;7;7;7;2;5;1;0;0;0;28;
09181121;Fuchstal;223;091811210112;BRIEFWAHLBEZIRK;Briefwahl Leeder 2;0112;;;N;0;0;0;0;397;0;397;0;0;1;396;174;49;45;5;71;19;8;7;4;8;4;2;0;397;156;36;49;14;71;23;12;5;2;1;1;3;1;0;0;2;21;
09181121;Fuchstal;223;091811210113;BRIEFWAHLBEZIRK;Briefwahl Leeder 3;0113;;;N;0;0;0;0;386;0;386;0;0;3;383;187;33;44;3;41;28;11;9;10;10;4;3;1;385;164;26;52;14;48;28;19;5;4;6;3;1;3;0;0;1;11;
09181143;Unterdießen;223;09181143;GEMEINDE;Unterdießen;;;;N;1149;724;425;0;1012;603;409;1;0;8;1004;451;99;118;18;154;53;42;23;17;15;7;7;7;1005;390;78;128;32;173;55;55;6;12;9;6;2;9;0;1;2;47;
09181143;Unterdießen;223;091811430201;STIMMBEZIRK;Unterdießen;0201;;;N;870;573;297;0;472;472;0;0;0;5;467;191;43;63;5;85;14;26;14;10;9;2;5;4;468;161;29;66;17;95;13;35;5;8;4;3;0;8;0;1;1;22;
09181143;Unterdießen;223;091811430202;STIMMBEZIRK;Oberdießen;0202;;;N;279;151;128;0;132;131;1;1;0;1;131;67;10;8;1;25;13;4;1;0;0;2;0;2;130;57;6;8;4;25;12;9;0;1;0;0;1;0;0;0;1;6;
09181143;Unterdießen;223;091811430211;BRIEFWAHLBEZIRK;Briefwahl Unterdießen;0211;;;N;0;0;0;0;408;0;408;0;0;2;406;193;46;47;12;44;26;12;8;7;6;3;2;1;407;172;43;54;11;53;30;11;1;3;5;3;1;1;0;0;0;19;
;;223;091815139;VERBANDSGEMEINDE;Verwaltungsgemeinschaft Igling;;;;N;4772;2850;1922;0;4152;2296;1856;7;0;17;4135;1881;361;417;99;815;218;123;53;67;37;22;42;13;4139;1653;337;430;185;853;211;189;34;37;26;24;12;21;2;3;4;118;
09181126;Hurlach;223;09181126;GEMEINDE;Hurlach;;;;N;1416;868;548;0;1251;725;526;1;0;5;1246;592;69;80;38;301;58;37;16;25;11;4;15;3;1248;510;74;80;66;315;70;56;8;7;12;9;4;4;0;1;1;31;
09181126;Hurlach;223;091811260001;STIMMBEZIRK;Hurlach;1;;;N;1416;868;548;0;726;725;1;1;0;4;722;306;40;47;25;217;25;23;10;14;5;3;7;2;724;260;39;46;48;228;28;34;5;4;5;7;3;2;0;0;1;14;
09181126;Hurlach;223;091811260011;BRIEFWAHLBEZIRK;Briefwahl Hurlach;11;;;N;0;0;0;0;525;0;525;0;0;1;524;286;29;33;13;84;33;14;6;11;6;1;8;1;524;250;35;34;18;87;42;22;3;3;7;2;1;2;0;1;0;17;
09181127;Igling;223;09181127;GEMEINDE;Igling;;;;N;2035;1147;888;0;1760;902;858;3;0;7;1753;737;181;253;47;281;105;46;27;30;19;11;16;6;1754;648;163;257;86;293;91;84;20;21;9;5;6;11;1;1;3;55;
09181127;Igling;223;091811270001;STIMMBEZIRK;Igling;1;;;N;1416;751;665;0;624;623;1;1;0;3;621;238;57;90;23;132;34;21;3;7;7;3;6;3;621;204;49;91;37;142;27;32;5;5;4;0;3;2;0;1;0;19;
09181127;Igling;223;091811270002;STIMMBEZIRK;Holzhausen b. B.;2;;;N;619;396;223;0;281;279;2;2;0;1;280;124;27;30;9;54;12;10;8;2;2;1;1;1;280;115;22;30;11;54;10;15;6;2;1;0;1;1;1;0;1;10;
09181127;Igling;223;091811270011;BRIEFWAHLBEZIRK;Briefwahl Igling 1;11;;;N;0;0;0;0;435;0;435;0;0;3;432;195;41;67;11;44;31;10;11;9;7;3;3;2;433;170;39;71;21;44;28;21;6;5;2;5;2;1;0;0;2;16;
09181127;Igling;223;091811270012;BRIEFWAHLBEZIRK;Briefwahl Igling 2;12;;;N;0;0;0;0;420;0;420;0;0;0;420;180;56;66;4;51;28;5;5;12;3;4;6;0;420;159;53;65;17;53;26;16;3;9;2;0;0;7;0;0;0;10;
09181131;Obermeitingen;223;09181131;GEMEINDE;Obermeitingen;;;;N;1321;835;486;0;1141;669;472;3;0;5;1136;552;111;84;14;233;55;40;10;12;7;7;11;4;1137;495;100;93;33;245;50;49;6;9;5;10;2;6;1;1;0;32;
09181131;Obermeitingen;223;091811310001;STIMMBEZIRK;Obermeitingen;1;;;N;1321;835;486;0;672;669;3;3;0;5;667;317;58;48;8;144;28;32;5;8;6;3;10;4;668;279;56;56;24;152;27;34;4;8;4;3;0;4;1;1;0;15;
09181131;Obermeitingen;223;091811310011;BRIEFWAHLBEZIRK;Briefwahl Obermeitingen;11;;;N;0;0;0;0;469;0;469;0;0;0;469;235;53;36;6;89;27;8;5;4;1;4;1;0;469;216;44;37;9;93;23;15;2;1;1;7;2;2;0;0;0;17;
;;223;091815140;VERBANDSGEMEINDE;Verwaltungsgemeinschaft Prittriching;;;;N;3593;1984;1609;0;3204;1632;1572;0;0;14;3190;1507;282;285;63;595;200;122;22;31;38;22;23;12;3192;1345;264;296;117;628;198;156;11;29;28;11;15;15;2;0;5;72;
09181134;Prittriching;223;09181134;GEMEINDE;Prittriching;;;;N;2056;1035;1021;0;1875;875;1000;0;0;11;1864;936;158;177;41;338;91;60;10;17;15;11;10;9;1866;839;148;181;67;361;97;79;4;19;9;5;6;7;1;0;5;38;
09181134;Prittriching;223;091811340001;STIMMBEZIRK;Prittriching Rathaus;1;;;N;1725;842;883;0;707;707;0;0;0;3;704;331;56;69;17;152;33;25;3;5;5;5;3;2;705;302;55;66;32;156;25;34;1;6;5;0;3;3;0;0;2;15;
09181134;Prittriching;223;091811340002;STIMMBEZIRK;Winkl Alte Schule;2;;;N;331;193;138;0;168;168;0;0;0;3;165;65;15;10;2;43;10;13;0;5;2;0;0;2;166;58;19;14;3;45;10;7;1;2;1;1;0;0;0;0;0;5;
09181134;Prittriching;223;091811340011;BRIEFWAHLBEZIRK;Prittriching Briefwahlbezirk 1;11;;;N;0;0;0;0;1000;0;1000;0;0;5;995;540;87;98;22;143;48;22;7;7;8;6;7;5;995;479;74;101;32;160;62;38;2;11;3;4;3;4;1;0;3;18;
09181138;Scheuring;223;09181138;GEMEINDE;Scheuring;;;;N;1537;949;588;0;1329;757;572;0;0;3;1326;571;124;108;22;257;109;62;12;14;23;11;13;3;1326;506;116;115;50;267;101;77;7;10;19;6;9;8;1;0;0;34;
09181138;Scheuring;223;091811380001;STIMMBEZIRK;Scheuring Schule;1;;;N;1537;949;588;0;757;757;0;0;0;2;755;303;72;63;17;161;56;43;4;8;13;7;8;2;755;267;67;66;35;166;50;51;1;6;13;5;5;3;1;0;0;19;
09181138;Scheuring;223;091811380011;BRIEFWAHLBEZIRK;Scheuring Briefwahlbezirk 1;11;;;N;0;0;0;0;572;0;572;0;0;1;571;268;52;45;5;96;53;19;8;6;10;4;5;1;571;239;49;49;15;101;51;26;6;4;6;1;4;5;0;0;0;15;
;;223;091815141;VERBANDSGEMEINDE;Verwaltungsgemeinschaft Pürgen;;;;N;5061;3046;2015;0;4541;2586;1955;0;0;23;4518;2049;469;555;97;774;180;172;52;57;43;24;46;17;4524;1786;483;562;190;822;178;228;21;36;25;17;17;26;1;1;1;130;
09181124;Hofstetten;223;09181124;GEMEINDE;Hofstetten;;;;N;1477;931;546;0;1317;780;537;0;0;9;1308;542;134;148;34;250;61;59;22;20;18;7;13;6;1311;488;141;152;47;257;68;65;12;16;10;5;4;6;0;0;1;39;
09181124;Hofstetten;223;091811240001;STIMMBEZIRK;Hofstetten;0001;;;N;1091;705;386;0;588;588;0;0;0;3;585;245;48;59;13;144;18;24;13;7;8;4;2;3;585;214;63;55;25;147;21;24;8;7;3;3;2;0;0;0;1;12;
09181124;Hofstetten;223;091811240002;STIMMBEZIRK;Hagenheim;0002;;;N;386;226;160;0;192;192;0;0;0;1;191;81;16;25;6;35;8;10;2;2;2;1;3;0;192;77;16;21;9;35;7;15;1;0;2;0;1;2;0;0;0;6;
09181124;Hofstetten;223;091811240011;BRIEFWAHLBEZIRK;Hofstetten;0011;;;N;0;0;0;0;537;0;537;0;0;5;532;216;70;64;15;71;35;25;7;11;8;2;8;3;534;197;62;76;13;75;40;26;3;9;5;2;1;4;0;0;0;21;
09181140;Schwifting;223;09181140;GEMEINDE;Schwifting;;;;N;779;495;284;0;692;417;275;0;0;4;688;321;65;94;14;112;28;25;5;10;7;3;4;2;690;287;66;82;30;116;23;39;2;6;6;3;4;3;1;0;0;22;
09181140;Schwifting;223;091811400001;STIMMBEZIRK;Schwifting;0001;;;N;779;495;284;0;417;417;0;0;0;2;415;186;36;62;12;76;13;14;0;9;4;1;2;0;417;164;41;60;18;79;10;17;1;3;5;3;1;2;1;0;0;12;
09181140;Schwifting;223;091811400011;BRIEFWAHLBEZIRK;Schwifting;0011;;;N;0;0;0;0;275;0;275;0;0;2;273;135;29;32;2;36;15;11;5;1;3;2;2;2;273;123;25;22;12;37;13;22;1;3;1;0;3;1;0;0;0;10;
09181141;Pürgen;223;09181141;GEMEINDE;Pürgen;;;;N;2805;1620;1185;0;2532;1389;1143;0;0;10;2522;1186;270;313;49;412;91;88;25;27;18;14;29;9;2523;1011;276;328;113;449;87;124;7;14;9;9;9;17;0;1;0;69;
09181141;Pürgen;223;091811410001;STIMMBEZIRK;Stoffen;0001;;;N;484;266;218;0;225;225;0;0;0;0;225;107;12;34;4;45;6;8;2;3;2;1;1;0;225;95;14;35;6;50;3;10;1;1;2;1;1;2;0;0;0;4;
09181141;Pürgen;223;091811410002;STIMMBEZIRK;Ummendorf;0002;;;N;399;213;186;0;184;184;0;0;0;0;184;67;14;26;4;46;8;6;1;2;2;3;5;1;183;60;16;23;4;46;6;9;1;1;0;4;1;5;0;0;0;7;
09181141;Pürgen;223;091811410003;STIMMBEZIRK;Pürgen;0003;;;N;1263;727;536;0;615;615;0;0;0;6;609;266;82;81;13;105;15;24;4;5;6;2;6;3;612;224;84;91;34;105;10;37;1;2;2;1;2;1;0;0;0;18;
09181141;Pürgen;223;091811410004;STIMMBEZIRK;Lengenfeld;0004;;;N;659;414;245;0;365;365;0;0;0;0;365;175;26;34;6;76;17;18;3;4;2;2;2;1;364;138;31;34;22;82;21;20;0;2;1;0;1;0;0;0;0;12;
09181141;Pürgen;223;091811410011;BRIEFWAHLBEZIRK;Briefwahlbezirk 1;0011;;;N;0;0;0;0;520;0;520;0;0;0;520;260;73;76;6;47;21;14;6;6;2;1;8;1;519;228;70;77;11;60;24;27;1;2;2;2;2;4;0;0;0;9;
09181141;Pürgen;223;091811410012;BRIEFWAHLBEZIRK;Briefwahlbezirk 2;0012;;;N;0;0;0;0;623;0;623;0;0;4;619;311;63;62;16;93;24;18;9;7;4;5;7;3;620;266;61;68;36;106;23;21;3;6;2;1;2;5;0;1;0;19;
;;223;091815142;VERBANDSGEMEINDE;Verwaltungsgemeinschaft Reichling;;;;N;7559;4167;3392;0;6676;3421;3255;0;0;45;6631;3000;540;763;161;1200;297;203;92;99;127;105;44;24;6652;2674;534;750;278;1294;318;314;42;60;47;37;57;34;4;1;4;204;
09181111;Apfeldorf;223;09181111;GEMEINDE;Apfeldorf;;;;N;954;484;470;0;860;408;452;0;0;5;855;429;42;111;13;116;37;33;5;9;15;38;7;3;857;390;55;111;19;144;42;47;2;4;5;6;9;4;1;0;1;17;
09181111;Apfeldorf;223;091811110001;STIMMBEZIRK;Apfeldorf;1;;;N;954;484;470;0;408;408;0;0;0;5;403;186;25;59;8;63;13;15;2;4;7;16;5;3;405;165;30;64;11;79;20;19;0;0;3;1;2;2;1;0;1;7;
09181111;Apfeldorf;223;091811110011;BRIEFWAHLBEZIRK;Briefwahl Apfeldorf;11;;;N;0;0;0;0;452;0;452;0;0;0;452;243;17;52;5;53;24;18;3;5;8;22;2;0;452;225;25;47;8;65;22;28;2;4;2;5;7;2;0;0;0;10;
09181129;Kinsau;223;09181129;GEMEINDE;Kinsau;;;;N;842;466;376;0;763;397;366;0;0;8;755;379;58;70;17;112;29;18;9;12;39;10;2;3;760;342;51;76;30;124;26;44;7;11;10;4;7;2;0;0;0;26;
09181129;Kinsau;223;091811290001;STIMMBEZIRK;Kinsau;1;;;N;842;466;376;0;397;397;0;0;0;8;389;194;29;36;11;64;14;10;3;3;23;2;0;3;394;177;27;35;16;71;8;27;4;2;7;3;3;0;0;0;0;14;
09181129;Kinsau;223;091811290011;BRIEFWAHLBEZIRK;Briefwahl Kinsau;11;;;N;0;0;0;0;366;0;366;0;0;0;366;185;29;34;6;48;15;8;6;9;16;8;2;0;366;165;24;41;14;53;18;17;3;9;3;1;4;2;0;0;0;12;
09181133;Vilgertshofen;223;09181133;GEMEINDE;Vilgertshofen;;;;N;2196;1315;881;0;1920;1074;846;0;0;15;1905;880;176;204;47;360;83;54;20;31;25;13;12;7;1913;776;161;212;89;386;88;82;11;17;7;12;13;10;2;0;1;46;
09181133;Vilgertshofen;223;091811330001;STIMMBEZIRK;Pflugdorf/Stadl;1;;;N;1110;658;452;0;516;516;0;0;0;5;511;256;37;51;18;95;9;12;8;10;5;5;5;3;513;221;38;51;28;101;19;19;5;5;4;3;5;4;1;0;0;9;
09181133;Vilgertshofen;223;091811330002;STIMMBEZIRK;Issing;2;;;N;816;476;340;0;405;405;0;0;0;3;402;150;44;36;8;102;26;18;7;2;7;1;1;1;404;134;40;45;21;105;18;20;3;1;0;1;1;0;1;0;1;13;
09181133;Vilgertshofen;223;091811330003;STIMMBEZIRK;Mundraching;3;;;N;270;181;89;0;153;153;0;0;0;2;151;67;15;19;3;33;2;7;0;3;0;2;0;1;152;57;17;15;9;35;2;8;0;3;0;0;2;0;0;0;0;4;
09181133;Vilgertshofen;223;091811330011;BRIEFWAHLBEZIRK;Briefwahl Vilgertshofen 1;11;;;N;0;0;0;0;423;0;423;0;0;3;420;211;34;46;9;58;28;7;3;10;5;4;5;1;422;191;30;53;11;64;30;16;3;4;2;3;3;4;0;0;0;8;
09181133;Vilgertshofen;223;091811330012;BRIEFWAHLBEZIRK;Briefwahl Vilgertshofen 2;12;;;N;0;0;0;0;423;0;423;0;0;2;421;196;46;52;9;72;18;10;2;6;8;1;1;1;422;173;36;48;20;81;19;19;0;4;1;5;2;2;0;0;0;12;
09181135;Reichling;223;09181135;GEMEINDE;Reichling;;;;N;1386;744;642;0;1221;604;617;0;0;8;1213;532;70;155;37;229;68;40;27;21;15;13;6;6;1215;450;82;147;60;250;70;49;13;16;9;7;12;5;0;1;0;44;
09181135;Reichling;223;091811350001;STIMMBEZIRK;Reichling;1;;;N;893;445;448;0;363;363;0;0;0;5;358;125;23;35;14;99;19;19;9;4;5;3;3;3;360;112;23;31;19;105;15;21;6;5;1;1;3;3;0;1;0;14;
09181135;Reichling;223;091811350002;STIMMBEZIRK;Ludenhausen;2;;;N;493;299;194;0;241;241;0;0;0;1;240;101;19;43;12;43;10;7;2;1;1;1;0;0;241;84;26;38;15;49;8;9;0;0;1;1;2;0;0;0;0;8;
09181135;Reichling;223;091811350011;BRIEFWAHLBEZIRK;Briefwahl Reichling;11;;;N;0;0;0;0;617;0;617;0;0;2;615;306;28;77;11;87;39;14;16;16;9;9;3;3;614;254;33;78;26;96;47;19;7;11;7;5;7;2;0;0;0;22;
09181137;Rott;223;09181137;GEMEINDE;Rott;;;;N;1354;725;629;0;1192;598;594;0;0;6;1186;435;134;142;31;251;50;44;20;17;26;24;12;3;1189;411;122;131;48;258;55;65;4;6;8;7;12;8;0;0;2;52;
09181137;Rott;223;091811370001;STIMMBEZIRK;Rott;1;;;N;1354;725;629;0;598;598;0;0;0;3;595;217;69;52;19;153;22;29;12;7;8;5;2;1;597;194;63;53;27;153;26;41;0;3;3;3;4;2;0;0;1;24;
09181137;Rott;223;091811370011;BRIEFWAHLBEZIRK;Briefwahl Rott 1;11;;;N;0;0;0;0;300;0;300;0;0;3;297;95;27;41;6;56;19;12;6;5;10;15;5;2;298;98;26;27;8;62;21;19;4;2;3;3;7;3;0;0;1;14;
09181137;Rott;223;091811370012;BRIEFWAHLBEZIRK;Briefwahl Rott 2;12;;;N;0;0;0;0;294;0;294;0;0;0;294;123;38;49;6;42;9;3;2;5;8;4;5;0;294;119;33;51;13;43;8;5;0;1;2;1;1;3;0;0;0;14;
09181142;Thaining;223;09181142;GEMEINDE;Thaining;;;;N;827;433;394;0;720;340;380;0;0;3;717;345;60;81;16;132;30;14;11;9;7;7;5;2;718;305;63;73;32;132;37;27;5;6;8;1;4;5;1;0;0;19;
09181142;Thaining;223;091811420001;STIMMBEZIRK;Thaining;1;;;N;827;433;394;0;340;340;0;0;0;1;339;147;28;39;11;77;14;10;3;2;3;2;3;1;339;127;27;37;18;76;17;17;3;1;5;1;0;1;0;0;0;9;
09181142;Thaining;223;091811420011;BRIEFWAHLBEZIRK;Briefwahl Thaining;11;;;N;0;0;0;0;380;0;380;0;0;2;378;198;32;42;5;55;16;4;8;7;4;5;2;1;379;178;36;36;14;56;20;10;2;5;3;0;4;4;1;0;0;10;
;;223;091815143;VERBANDSGEMEINDE;Verwaltungsgemeinschaft Schondorf;;;;N;5995;3269;2726;0;5302;2699;2603;12;0;16;5286;2345;609;1041;195;543;201;142;43;56;36;7;68;14;5288;2129;573;1012;346;575;139;257;15;45;23;16;6;34;5;0;0;113;
09181115;Eching;223;09181115;GEMEINDE;Eching;;;;N;1301;811;490;0;1173;717;456;1;0;2;1171;550;117;197;31;144;76;24;7;6;6;3;10;1;1172;507;110;195;64;152;48;52;2;7;2;3;1;7;3;0;0;19;
09181115;Eching;223;091811150001;STIMMBEZIRK;Eching Stimmbezirk 1;1;;;N;666;411;255;0;363;362;1;1;0;1;362;178;34;50;21;44;17;8;2;3;1;0;4;0;363;159;28;52;30;47;11;19;0;5;0;1;0;2;1;0;0;8;
09181115;Eching;223;091811150002;STIMMBEZIRK;Eching Stimmbezirk 2;2;;;N;635;400;235;0;355;355;0;0;0;0;355;177;34;56;4;55;18;5;3;2;1;0;0;0;355;160;34;53;15;57;16;11;1;0;1;2;0;0;1;0;0;4;
09181115;Eching;223;091811150011;BRIEFWAHLBEZIRK;Eching Briefwahl 1;11;;;N;0;0;0;0;225;0;225;0;0;0;225;112;20;42;5;16;15;7;1;1;1;3;2;1;224;100;18;46;12;21;12;11;1;0;0;0;1;1;0;0;0;1;
09181115;Eching;223;091811150012;BRIEFWAHLBEZIRK;Eching Briefwahl 2;12;;;N;0;0;0;0;230;0;230;0;0;1;229;83;29;49;1;29;26;4;1;0;3;0;4;0;230;88;30;44;7;27;9;11;0;2;1;0;0;4;1;0;0;6;
09181123;Greifenberg;223;09181123;GEMEINDE;Greifenberg;;;;N;1675;931;744;0;1462;734;728;4;0;2;1460;676;140;259;49;170;55;39;9;29;11;3;20;2;1460;621;136;260;83;186;39;61;2;18;9;4;1;9;1;0;0;30;
09181123;Greifenberg;223;091811230001;STIMMBEZIRK;Greifenberg Stimmbezirk 1;1;;;N;856;443;413;0;366;366;0;0;0;1;365;179;20;54;14;60;14;8;3;6;3;1;3;2;364;158;23;59;27;63;8;10;1;3;2;0;0;3;0;0;0;7;
09181123;Greifenberg;223;091811230002;STIMMBEZIRK;Greifenberg Stimmbezirk 2;2;;;N;819;488;331;0;372;368;4;4;0;0;372;165;34;75;18;46;9;11;2;8;1;0;3;0;372;149;32;65;23;52;9;24;0;6;2;0;0;3;0;0;0;7;
09181123;Greifenberg;223;091811230011;BRIEFWAHLBEZIRK;Greifenberg Briefwahl 1;11;;;N;0;0;0;0;381;0;381;0;0;0;381;179;43;68;7;31;18;12;3;6;4;2;8;0;381;163;35;75;19;35;14;15;0;5;4;1;1;1;1;0;0;12;
09181123;Greifenberg;223;091811230012;BRIEFWAHLBEZIRK;Greifenberg Briefwahl 2;12;;;N;0;0;0;0;343;0;343;0;0;1;342;153;43;62;10;33;14;8;1;9;3;0;6;0;343;151;46;61;14;36;8;12;1;4;1;3;0;2;0;0;0;4;
09181139;Schondorf;223;09181139;GEMEINDE;Schondorf;;;;N;3019;1527;1492;0;2667;1248;1419;7;0;12;2655;1119;352;585;115;229;70;79;27;21;19;1;38;11;2656;1001;327;557;199;237;52;144;11;20;12;9;4;18;1;0;0;64;
09181139;Schondorf;223;091811390001;STIMMBEZIRK;Schondorf Stimmbezirk  1;1;;;N;1075;566;509;0;463;459;4;4;0;0;463;175;64;98;21;63;10;14;4;4;3;0;7;2;461;163;53;89;30;68;5;29;3;3;3;2;0;4;0;0;0;9;
09181139;Schondorf;223;091811390002;STIMMBEZIRK;Schondorf Stimmbezirk 2;2;;;N;960;481;479;0;394;394;0;0;0;3;391;148;44;106;14;43;9;14;3;0;3;1;6;4;390;118;44;97;33;40;9;28;0;1;4;2;1;2;0;0;0;11;
09181139;Schondorf;223;091811390003;STIMMBEZIRK;Schondorf Stimmbezirk 3;3;;;N;984;480;504;0;398;395;3;3;0;1;397;135;60;109;13;40;14;13;2;0;5;0;6;2;396;125;61;99;24;42;4;26;2;3;2;0;1;1;0;0;0;6;
09181139;Schondorf;223;091811390011;BRIEFWAHLBEZIRK;Schondorf Briefwahl 1;11;;;N;0;0;0;0;494;0;494;0;0;0;494;225;64;99;29;32;13;10;6;5;4;0;7;0;494;195;64;95;43;31;11;25;3;6;2;2;0;2;0;0;0;15;
09181139;Schondorf;223;091811390012;BRIEFWAHLBEZIRK;Schondorf Briefwahl 2;12;;;N;0;0;0;0;474;0;474;0;0;5;469;229;72;78;20;23;11;17;6;6;2;0;5;3;471;215;55;84;40;24;12;20;1;4;0;2;1;4;1;0;0;8;
09181139;Schondorf;223;091811390013;BRIEFWAHLBEZIRK;Schondorf  Briefwahl 3;13;;;N;0;0;0;0;444;0;444;0;0;3;441;207;48;95;18;28;13;11;6;6;2;0;7;0;444;185;50;93;29;32;11;16;2;3;1;1;1;5;0;0;0;15;
;;223;091815144;VERBANDSGEMEINDE;Verwaltungsgemeinschaft Windach;;;;N;5950;3293;2657;0;5368;2782;2586;10;0;26;5342;2196;603;1080;136;616;236;187;68;77;58;19;66;14;5354;1999;552;1069;212;656;192;298;24;48;44;30;14;47;5;3;6;155;
09181118;Eresing;223;09181118;GEMEINDE;Eresing;;;;N;1507;952;555;0;1355;822;533;4;0;10;1345;591;156;259;30;132;59;42;23;14;13;4;22;6;1349;528;141;275;42;142;43;79;5;9;11;4;6;18;1;3;1;41;
09181118;Eresing;223;091811180301;STIMMBEZIRK;Eresing;0301;;;N;1178;755;423;0;673;672;1;1;0;5;668;279;91;127;14;69;20;25;12;8;9;3;11;2;671;245;81;134;22;73;16;43;2;7;6;4;2;10;1;1;1;23;
09181118;Eresing;223;091811180302;STIMMBEZIRK;Pflaumdorf-St-Ottilien;0302;;;N;329;197;132;0;153;150;3;3;0;0;153;81;17;23;3;17;5;3;1;0;0;1;2;1;152;74;13;25;5;16;7;6;0;0;0;0;1;1;0;0;0;4;
09181118;Eresing;223;091811180311;BRIEFWAHLBEZIRK;Eresing-Briefwahl 1;0311;;;N;0;0;0;0;265;0;265;0;0;2;263;124;23;51;8;21;19;3;4;1;2;0;7;2;263;113;22;57;10;22;10;10;2;0;3;0;1;4;0;0;0;9;
09181118;Eresing;223;091811180312;BRIEFWAHLBEZIRK;Eresing Briefwahl 2;0312;;;N;0;0;0;0;264;0;264;0;0;3;261;107;25;58;5;25;15;11;6;5;2;0;2;1;263;96;25;59;5;31;10;20;1;2;2;0;2;3;0;2;0;5;
09181120;Finning;223;09181120;GEMEINDE;Finning;;;;N;1500;814;686;0;1362;688;674;2;0;7;1355;544;137;249;43;181;48;63;19;24;19;9;19;4;1358;494;123;240;55;193;43;84;10;14;18;14;3;10;3;0;1;53;
09181120;Finning;223;091811200201;STIMMBEZIRK;Finning-Nord;0201;;;N;780;426;354;0;377;375;2;2;0;3;374;137;37;83;15;60;5;18;2;9;0;2;6;2;375;127;30;77;19;64;4;27;1;3;0;5;1;3;1;0;0;13;
09181120;Finning;223;091811200202;STIMMBEZIRK;Finning-Süd;0202;;;N;720;388;332;0;313;313;0;0;0;3;310;99;28;53;9;58;13;25;8;3;8;2;4;2;311;91;23;44;9;60;10;26;5;6;8;3;0;3;1;0;1;21;
09181120;Finning;223;091811200211;BRIEFWAHLBEZIRK;Finning-Briefwahl 1;0211;;;N;0;0;0;0;321;0;321;0;0;1;320;143;26;57;12;35;13;12;3;4;6;1;8;0;321;126;29;55;16;39;12;18;0;0;5;4;0;4;0;0;0;13;
09181120;Finning;223;091811200212;BRIEFWAHLBEZIRK;Finning Briefwahl 2;0212;;;N;0;0;0;0;351;0;351;0;0;0;351;165;46;56;7;28;17;8;6;8;5;4;1;0;351;150;41;64;11;30;17;13;4;5;5;2;2;0;1;0;0;6;
09181146;Windach;223;09181146;GEMEINDE;Windach;;;;N;2943;1527;1416;0;2651;1272;1379;4;0;9;2642;1061;310;572;63;303;129;82;26;39;26;6;25;4;2647;977;288;554;115;321;106;135;9;25;15;12;5;19;1;0;4;61;
09181146;Windach;223;091811460101;STIMMBEZIRK;Windach-Nord;0101;;;N;820;370;450;0;301;301;0;0;0;1;300;124;26;60;4;50;14;9;2;3;3;1;4;0;301;113;31;54;9;53;6;13;2;1;3;2;0;3;0;0;1;10;
09181146;Windach;223;091811460102;STIMMBEZIRK;Windach-Mitte;0102;;;N;787;431;356;0;353;350;3;3;0;1;352;123;44;88;13;49;10;15;5;1;4;0;0;2;351;102;40;87;20;48;11;29;1;2;1;0;1;0;0;0;0;9;
09181146;Windach;223;091811460103;STIMMBEZIRK;Windach-Süd, Hechenwang;0103;;;N;717;350;367;0;302;301;1;1;0;1;301;105;40;80;5;39;11;8;3;4;2;2;2;1;301;102;36;75;14;36;8;14;1;4;3;3;0;0;0;0;1;4;
09181146;Windach;223;091811460104;STIMMBEZIRK;Schöffelding;0104;;;N;619;376;243;0;320;320;0;0;0;1;319;139;41;49;12;46;20;3;0;4;3;0;2;1;319;129;41;41;10;55;23;13;0;1;1;1;1;1;0;0;0;2;
09181146;Windach;223;091811460111;BRIEFWAHLBEZIRK;Windach Briefwahl 1(FW EG);0111;;;N;0;0;0;0;344;0;344;0;0;0;344;163;33;87;3;24;20;7;3;3;0;0;1;0;344;154;23;91;9;26;15;8;0;5;0;2;0;2;0;0;0;9;
09181146;Windach;223;091811460112;BRIEFWAHLBEZIRK;Windach Briefwahl 2 (FW OG);0112;;;N;0;0;0;0;338;0;338;0;0;0;338;121;44;68;7;35;22;17;8;10;4;0;2;0;338;107;43;66;19;38;12;26;3;2;3;2;0;4;1;0;2;10;
09181146;Windach;223;091811460113;BRIEFWAHLBEZIRK;Windach Briefwahl 3 (Klassenzimmer Schule);0113;;;N;0;0;0;0;349;0;349;0;0;2;347;142;34;73;7;39;17;12;2;6;6;3;6;0;349;143;33;70;14;37;12;15;0;4;3;1;3;4;0;0;0;10;
09181146;Windach;223;091811460114;BRIEFWAHLBEZIRK;Windach Briefwahl 4 (Schule Speisesaal);0114;;;N;0;0;0;0;344;0;344;0;0;3;341;144;48;67;12;21;15;11;3;8;4;0;8;0;344;127;41;70;20;28;19;17;2;6;1;1;0;5;0;0;0;7;
;;223;09188000;KREIS;Landkreis Starnberg;;;;N;97291;46613;50678;0;85437;37037;48400;296;0;301;85136;37275;10865;15961;3809;9272;2283;2495;543;1028;474;212;919;184;85253;33881;9858;15713;6172;9669;1793;3967;283;591;268;302;118;592;46;8;49;1943;
09188113;Berg;223;09188113;GEMEINDE;Berg;;;;N;5904;2753;3151;0;5215;2224;2991;23;0;25;5190;2483;469;908;270;639;154;108;25;50;23;17;44;16;5199;2268;474;738;473;683;122;192;10;27;16;24;12;20;2;0;7;131;
09188113;Berg;223;091881130001;STIMMBEZIRK;Rathaus Berg - Sitzungssaal;1;;;N;1253;566;687;0;463;456;7;7;0;3;460;206;36;82;26;65;11;18;3;6;1;0;6;2;461;179;37;79;53;66;9;16;3;2;1;0;0;1;0;0;0;15;
09188113;Berg;223;091881130002;STIMMBEZIRK;LSH Kempfenhausen - Saal;2;;;N;714;304;410;0;225;223;2;2;0;2;223;108;18;23;20;39;5;5;1;1;0;2;1;1;224;87;16;17;38;44;3;10;0;1;1;3;1;1;0;0;0;2;
09188113;Berg;223;091881130003;STIMMBEZIRK;OMG Schule Aufkirchen - Aula;3;;;N;1051;480;571;0;402;396;6;6;0;8;394;181;48;68;27;45;7;6;4;4;3;0;1;6;396;181;40;54;37;47;3;14;1;1;2;1;0;1;0;0;0;14;
09188113;Berg;223;091881130004;STIMMBEZIRK;Pfarrheim Höhenrain -  Pfarrsaal;4;;;N;1052;492;560;0;410;407;3;3;0;2;408;169;32;58;13;88;18;14;3;5;3;3;2;2;408;147;31;41;27;94;18;18;1;1;2;2;2;5;1;0;0;18;
09188113;Berg;223;091881130005;STIMMBEZIRK;Heckscher Klinik - Foyer;5;;;N;861;436;425;0;344;342;2;2;0;1;343;124;40;68;38;48;7;6;3;3;0;3;3;0;344;117;47;46;47;50;2;16;0;1;1;3;2;0;0;0;3;9;
09188113;Berg;223;091881130006;STIMMBEZIRK;Müller´s auf der Lüften - EG Nebenraum;6;;;N;973;475;498;0;403;400;3;3;0;3;400;164;41;72;10;74;16;11;1;3;2;3;3;2;401;152;46;52;20;75;9;21;0;3;2;2;2;2;1;0;0;14;
09188113;Berg;223;091881130021;BRIEFWAHLBEZIRK;Montessori Biberkor Schule;21;;;N;0;0;0;0;420;0;420;0;0;1;419;202;30;85;20;44;15;10;1;5;1;1;5;1;419;187;31;69;36;47;12;20;1;4;0;1;2;0;0;0;0;9;
09188113;Berg;223;091881130022;BRIEFWAHLBEZIRK;Montessori Biberkor Schule;22;;;N;0;0;0;0;365;0;365;0;0;1;364;188;35;54;22;38;12;4;0;3;3;0;5;0;365;174;37;38;41;41;12;11;0;0;3;0;0;1;0;0;0;7;
09188113;Berg;223;091881130023;BRIEFWAHLBEZIRK;Montessori Biberkor Schule;23;;;N;0;0;0;0;367;0;367;0;0;0;367;194;31;60;12;37;17;5;1;7;1;1;1;1;366;168;30;55;38;40;11;12;1;2;1;2;0;1;0;0;1;4;
09188113;Berg;223;091881130024;BRIEFWAHLBEZIRK;Montessori Biberkor Schule;24;;;N;0;0;0;0;362;0;362;0;0;2;360;202;23;52;19;31;13;4;1;3;4;3;5;0;362;185;28;36;30;37;13;11;1;3;1;2;1;3;0;0;0;11;
09188113;Berg;223;091881130025;BRIEFWAHLBEZIRK;Montessori Biberkor Schule;25;;;N;0;0;0;0;361;0;361;0;0;0;361;198;26;63;15;38;6;9;3;2;1;0;0;0;361;190;27;49;26;37;5;11;1;1;1;0;1;1;0;0;1;10;
09188113;Berg;223;091881130026;BRIEFWAHLBEZIRK;Montessori Biberkor Schule;26;;;N;0;0;0;0;366;0;366;0;0;0;366;178;37;84;14;25;12;4;0;6;2;1;3;0;366;162;35;76;23;30;10;11;0;6;1;3;1;1;0;0;1;6;
09188113;Berg;223;091881130027;BRIEFWAHLBEZIRK;Montessori Biberkor Schule;27;;;N;0;0;0;0;363;0;363;0;0;1;362;174;34;68;23;42;5;8;3;1;0;0;4;1;362;163;31;62;35;46;4;13;1;1;0;3;0;1;0;0;0;2;
09188113;Berg;223;091881130028;BRIEFWAHLBEZIRK;Montessori Biberkor Schule;28;;;N;0;0;0;0;364;0;364;0;0;1;363;195;38;71;11;25;10;4;1;1;2;0;5;0;364;176;38;64;22;29;11;8;0;1;0;2;0;2;0;0;1;10;
09188117;Andechs;223;09188117;GEMEINDE;Andechs;;;;N;2606;1348;1258;0;2351;1118;1233;5;0;9;2342;1175;267;314;94;294;76;37;13;23;11;23;15;7;2344;1075;253;306;148;310;73;73;7;14;9;14;7;9;1;0;1;44;
09188117;Andechs;223;091881170001;STIMMBEZIRK;Erling I;0001;;;N;736;395;341;0;324;323;1;1;0;1;323;147;46;51;5;42;9;10;3;5;1;2;2;0;324;133;45;46;20;48;4;18;1;2;0;1;0;1;0;0;0;5;
09188117;Andechs;223;091881170002;STIMMBEZIRK;Machtlfing;0002;;;N;488;232;256;0;204;204;0;0;0;1;203;107;15;36;7;27;2;2;2;1;1;1;2;1;203;99;20;34;8;29;2;6;0;1;0;4;0;0;0;0;0;0;
09188117;Andechs;223;091881170003;STIMMBEZIRK;Frieding;0003;;;N;729;365;364;0;304;301;3;3;0;3;301;135;23;42;9;57;14;11;1;3;1;2;3;3;301;126;29;37;12;60;10;11;1;1;1;0;0;4;0;0;0;9;
09188117;Andechs;223;091881170004;STIMMBEZIRK;Erling II;0004;;;N;653;356;297;0;291;290;1;1;0;0;291;130;38;54;15;42;2;7;0;0;1;1;1;0;291;119;34;52;23;39;7;10;0;2;1;0;0;1;0;0;0;3;
09188117;Andechs;223;091881170011;BRIEFWAHLBEZIRK;Briefwahlbezirk 11;0011;;;N;0;0;0;0;616;0;616;0;0;2;614;346;76;62;24;57;22;3;2;11;3;5;3;1;615;326;68;69;35;62;21;9;1;6;1;2;5;1;0;0;0;9;
09188117;Andechs;223;091881170012;BRIEFWAHLBEZIRK;Briefwahlbezirk 12;0012;;;N;0;0;0;0;612;0;612;0;0;2;610;310;69;69;34;69;27;4;5;3;4;12;4;2;610;272;57;68;50;72;29;19;4;2;6;7;2;2;1;0;1;18;
09188118;Feldafing;223;09188118;GEMEINDE;Feldafing;;;;N;3185;1411;1774;0;2754;1085;1669;10;0;6;2748;1306;355;448;182;254;45;77;11;29;16;7;18;2;2752;1188;331;431;252;273;43;128;3;17;7;7;4;12;1;0;1;54;
09188118;Feldafing;223;091881180001;STIMMBEZIRK;Urnenwahllokal 0001;0001;;;N;1058;438;620;0;368;365;3;3;0;1;367;138;58;78;20;50;2;11;1;7;1;0;1;0;368;127;59;70;25;55;3;20;0;3;1;1;0;0;0;0;0;4;
09188118;Feldafing;223;091881180002;STIMMBEZIRK;Urnenwahllokal 0002;0002;;;N;1060;489;571;0;391;387;4;4;0;0;391;153;67;66;26;40;7;17;4;3;3;2;3;0;391;129;61;65;44;42;5;24;0;2;1;1;0;1;0;0;0;16;
09188118;Feldafing;223;091881180003;STIMMBEZIRK;Urnenwahllokal 0003;0003;;;N;1067;484;583;0;336;333;3;3;0;0;336;146;41;57;29;41;8;9;1;2;1;0;1;0;336;131;28;52;39;49;5;21;1;1;1;0;1;1;0;0;0;6;
09188118;Feldafing;223;091881180011;BRIEFWAHLBEZIRK;Briefwahllokal 0011;0011;;;N;0;0;0;0;596;0;596;0;0;0;596;296;64;106;34;46;12;16;3;9;4;0;6;0;596;283;67;94;46;41;13;31;1;7;1;1;0;0;1;0;0;10;
09188118;Feldafing;223;091881180012;BRIEFWAHLBEZIRK;Briefwahllokal 0012;0012;;;N;0;0;0;0;532;0;532;0;0;3;529;282;66;79;31;40;6;12;1;4;3;2;3;2;530;257;60;85;43;39;8;17;1;3;1;3;1;5;0;0;1;6;
09188118;Feldafing;223;091881180013;BRIEFWAHLBEZIRK;Briefwahllokal 0013;0013;;;N;0;0;0;0;531;0;531;0;0;2;529;291;59;62;42;37;10;12;1;4;4;3;4;0;531;261;56;65;55;47;9;15;0;1;2;1;2;5;0;0;0;12;
09188120;Gauting;223;09188120;GEMEINDE;Gauting;;;;N;14536;6679;7857;0;12835;5298;7537;34;0;43;12792;5425;1722;2660;609;1288;255;374;83;142;69;21;144;26;12809;4907;1492;2701;1017;1307;216;607;38;70;28;37;8;79;7;2;8;285;
09188120;Gauting;223;091881200001;STIMMBEZIRK;Rathaus großer Sitzungssaal;1;;;N;1126;495;631;0;371;370;1;1;0;0;371;132;53;75;22;59;4;6;3;2;4;2;9;0;371;115;37;79;32;60;3;21;2;3;0;0;1;4;0;0;0;14;
09188120;Gauting;223;091881200002;STIMMBEZIRK;Rathaus kleiner Sitzungssaal;2;;;N;1231;509;722;0;401;398;3;3;0;6;395;160;50;84;17;40;9;17;2;6;3;1;6;1;400;146;42;88;28;46;6;17;0;3;2;1;0;4;0;0;2;15;
09188120;Gauting;223;091881200003;STIMMBEZIRK;Rathaus Erfrischungsraum;3;;;N;1569;599;970;0;455;453;2;2;0;4;451;163;66;72;16;71;13;32;4;6;4;1;3;4;451;152;53;71;26;72;11;42;2;4;1;3;0;3;0;0;0;11;
09188120;Gauting;223;091881200004;STIMMBEZIRK;Josef-Dosch-Grundschule;4;;;N;1168;517;651;0;392;390;2;2;0;0;392;118;48;100;23;63;6;19;1;5;3;2;4;0;392;108;35;99;37;60;7;32;0;0;0;1;1;2;0;0;0;10;
09188120;Gauting;223;091881200005;STIMMBEZIRK;Josef-Dosch-Grundschule;5;;;N;1133;559;574;0;449;445;4;4;0;3;446;151;75;93;21;69;9;17;0;4;2;1;4;0;449;142;59;94;33;74;4;25;0;1;0;4;0;2;0;0;0;11;
09188120;Gauting;223;091881200006;STIMMBEZIRK;Otto-von-Taube-Gymnasium;6;;;N;1258;555;703;0;453;447;6;6;0;0;453;160;78;96;36;46;11;11;4;3;2;0;6;1;452;139;66;98;64;44;4;16;4;3;2;2;0;3;1;0;0;6;
09188120;Gauting;223;091881200007;STIMMBEZIRK;Otto-von-Taube-Gymnasium;7;;;N;1253;595;658;0;518;514;4;4;0;0;518;203;63;125;36;58;6;12;1;4;3;2;5;0;518;183;46;126;59;57;7;21;2;1;1;3;0;2;0;0;0;10;
09188120;Gauting;223;091881200008;STIMMBEZIRK;Josef-Dosch-Grundschule;8;;;N;1138;557;581;0;426;423;3;3;0;2;424;166;57;85;19;54;3;21;10;6;2;0;1;2;424;141;54;84;31;54;3;27;5;3;0;0;0;0;0;0;0;22;
09188120;Gauting;223;091881200009;STIMMBEZIRK;Bauhof;9;;;N;1054;503;551;0;399;399;0;0;0;1;398;152;71;72;12;67;6;7;3;5;2;0;1;2;397;129;61;73;25;70;9;17;0;3;1;1;0;0;1;0;0;7;
09188120;Gauting;223;091881200010;STIMMBEZIRK;Grundschule Stockdorf;10;;;N;1370;691;679;0;571;568;3;3;0;1;570;202;78;139;28;62;9;30;3;8;5;0;6;2;569;187;71;125;50;60;5;38;2;4;2;4;0;3;1;1;1;15;
09188120;Gauting;223;091881200011;STIMMBEZIRK;Grundschule Stockdorf;11;;;N;1407;670;737;0;556;550;6;6;0;1;555;186;77;133;36;62;5;30;6;10;4;0;6;1;555;171;72;117;47;64;8;46;4;6;1;3;0;2;0;0;0;14;
09188120;Gauting;223;091881200012;STIMMBEZIRK;Pfarrhof Unterbrunn;12;;;N;829;429;400;0;341;341;0;0;0;0;341;163;33;38;18;62;7;6;3;2;3;1;5;0;341;147;31;37;28;66;8;10;2;1;0;0;1;3;0;0;0;7;
09188120;Gauting;223;091881200021;BRIEFWAHLBEZIRK;Briefwahllokal 21;21;;;N;0;0;0;0;615;0;615;0;0;0;615;284;77;115;25;71;16;10;3;8;2;0;4;0;615;248;71;123;34;72;20;28;3;2;1;1;0;3;0;0;0;9;
09188120;Gauting;223;091881200022;BRIEFWAHLBEZIRK;Briefwahllokal 22;22;;;N;0;0;0;0;687;0;687;0;0;5;682;303;94;150;44;49;11;11;2;4;4;0;10;0;687;275;75;158;66;48;5;31;1;1;2;1;2;3;1;0;0;18;
09188120;Gauting;223;091881200023;BRIEFWAHLBEZIRK;Briefwahllokal 23;23;;;N;0;0;0;0;636;0;636;0;0;4;632;304;85;119;24;44;15;20;3;9;3;0;6;0;636;279;76;125;43;39;11;36;1;5;2;0;0;3;0;0;0;16;
09188120;Gauting;223;091881200024;BRIEFWAHLBEZIRK;Briefwahllokal 24;24;;;N;0;0;0;0;616;0;616;0;0;0;616;290;69;125;18;67;14;16;7;2;2;2;4;0;616;264;60;130;35;69;14;22;1;3;2;0;2;5;0;0;0;9;
09188120;Gauting;223;091881200025;BRIEFWAHLBEZIRK;Briefwahllokal 25;25;;;N;0;0;0;0;574;0;574;0;0;3;571;257;87;123;19;40;22;13;3;4;2;0;1;2;572;226;85;127;46;40;10;17;2;1;1;0;0;1;0;0;0;16;
09188120;Gauting;223;091881200026;BRIEFWAHLBEZIRK;Briefwahllokal 26;26;;;N;0;0;0;0;670;0;670;0;0;1;669;318;78;149;31;31;12;20;5;10;2;2;11;0;670;284;74;153;62;31;10;30;0;5;1;3;0;4;0;0;0;13;
09188120;Gauting;223;091881200027;BRIEFWAHLBEZIRK;Briefwahllokal 27;27;;;N;0;0;0;0;622;0;622;0;0;2;620;309;56;141;37;28;8;15;2;6;3;1;14;2;620;289;55;140;50;30;6;26;1;0;2;0;0;6;0;1;2;12;
09188120;Gauting;223;091881200028;BRIEFWAHLBEZIRK;Briefwahllokal 28;28;;;N;0;0;0;0;583;0;583;0;0;7;576;251;84;119;25;39;18;17;3;7;4;2;7;5;578;231;73;130;41;36;14;24;0;6;3;3;0;5;0;0;3;9;
09188120;Gauting;223;091881200029;BRIEFWAHLBEZIRK;Briefwahllokal 29;29;;;N;0;0;0;0;562;0;562;0;0;2;560;261;93;116;14;36;11;11;2;10;1;2;3;1;561;229;78;128;38;40;14;14;0;5;0;1;0;4;0;0;0;10;
09188120;Gauting;223;091881200030;BRIEFWAHLBEZIRK;Briefwahllokal 30;30;;;N;0;0;0;0;637;0;637;0;0;1;636;271;94;146;30;43;8;13;5;8;3;0;15;3;634;253;87;150;40;47;10;26;2;2;2;2;0;6;0;0;0;7;
09188120;Gauting;223;091881200031;BRIEFWAHLBEZIRK;Briefwahllokal 31;31;;;N;0;0;0;0;714;0;714;0;0;0;714;328;101;157;39;49;15;11;5;5;1;1;2;0;714;301;86;152;63;46;11;25;2;3;0;2;1;6;3;0;0;13;
09188120;Gauting;223;091881200032;BRIEFWAHLBEZIRK;Briefwahllokal 32;32;;;N;0;0;0;0;587;0;587;0;0;0;587;293;55;88;19;78;17;9;3;8;5;1;11;0;587;268;45;94;39;82;16;16;2;5;2;2;0;5;0;0;0;11;
09188121;Gilching;223;09188121;GEMEINDE;Gilching;;;;N;13015;6639;6376;0;11425;5268;6157;27;0;40;11385;4761;1563;1896;406;1464;384;419;67;176;65;27;157;23;11402;4374;1379;1932;630;1542;289;588;50;103;39;40;14;110;12;0;6;294;
09188121;Gilching;223;091881210001;STIMMBEZIRK;Rathaus Gilching;1;;;N;1135;624;511;0;460;460;0;0;0;3;457;177;65;69;14;74;8;22;3;11;3;1;10;3;457;153;62;75;24;84;7;27;1;7;2;3;0;6;0;0;0;6;
09188121;Gilching;223;091881210002;STIMMBEZIRK;Rathaus Gilching II;2;;;N;1056;515;541;0;421;420;1;1;0;0;421;160;55;83;16;54;10;24;4;9;3;0;3;0;421;147;53;74;30;59;5;27;2;7;3;2;0;4;0;0;0;8;
09188121;Gilching;223;091881210003;STIMMBEZIRK;Oberer Wirt;3;;;N;1299;750;549;0;581;577;4;4;0;2;579;251;70;83;20;86;20;25;6;7;2;1;8;0;581;221;74;82;38;86;15;27;6;8;1;1;2;5;0;0;0;15;
09188121;Gilching;223;091881210004;STIMMBEZIRK;Feuerwehrgerätehaus;4;;;N;1367;685;682;0;563;560;3;3;0;3;560;199;83;92;23;107;19;20;3;3;4;1;6;2;561;178;77;92;38;112;10;29;3;1;1;1;1;0;1;0;0;17;
09188121;Gilching;223;091881210005;STIMMBEZIRK;Arnoldus Grundschule;5;;;N;1489;726;763;0;589;586;3;3;0;2;587;194;89;86;26;114;20;26;6;7;6;0;13;2;587;178;72;87;39;117;9;43;2;5;3;1;0;13;1;0;0;17;
09188121;Gilching;223;091881210006;STIMMBEZIRK;Arnoldus Grundschule II;6;;;N;1347;713;634;0;568;562;6;6;0;2;566;196;85;99;17;111;18;27;1;2;4;4;2;1;567;192;74;101;19;115;8;35;0;1;3;0;1;1;0;0;2;15;
09188121;Gilching;223;091881210007;STIMMBEZIRK;James-Krüss-Grundschule I;7;;;N;1294;677;617;0;530;528;2;2;0;3;527;172;83;94;20;90;19;27;7;8;4;0;3;3;527;153;75;80;24;101;11;41;4;2;3;2;0;5;1;0;0;25;
09188121;Gilching;223;091881210008;STIMMBEZIRK;James-Krüss-Grundschule II;8;;;N;1379;606;773;0;514;512;2;2;0;1;513;183;58;93;29;88;16;24;6;5;2;0;9;1;513;167;44;93;48;90;7;36;4;1;3;1;0;9;0;0;0;10;
09188121;Gilching;223;091881210009;STIMMBEZIRK;James-Krüss-Grundschule III;9;;;N;1310;656;654;0;480;478;2;2;0;1;479;184;71;63;17;91;15;25;2;6;3;1;1;0;480;161;57;69;25;93;12;34;3;2;2;2;1;2;0;0;0;17;
09188121;Gilching;223;091881210010;STIMMBEZIRK;Freizeitheim Geisenbrunn;10;;;N;1339;687;652;0;589;585;4;4;0;1;588;264;60;88;28;85;19;19;4;10;1;1;9;1;588;241;54;87;44;89;12;39;3;4;0;1;1;4;0;0;1;8;
09188121;Gilching;223;091881210021;BRIEFWAHLBEZIRK;Mittelschule - Mensa;21;;;N;0;0;0;0;619;0;619;0;0;5;614;260;82;112;25;60;25;20;5;14;3;0;8;3;616;232;64;113;49;71;18;28;5;9;0;4;0;7;2;0;0;14;
09188121;Gilching;223;091881210022;BRIEFWAHLBEZIRK;Mittelschule 2;22;;;N;0;0;0;0;619;0;619;0;0;1;618;287;77;108;18;53;29;17;4;9;2;1;13;1;618;262;65;117;19;56;34;21;3;7;3;4;0;10;1;0;0;16;
09188121;Gilching;223;091881210023;BRIEFWAHLBEZIRK;Mittelschule 3;23;;;N;0;0;0;0;629;0;629;0;0;2;627;323;106;73;15;53;23;11;2;10;2;0;9;1;628;313;85;74;29;59;17;20;2;5;1;3;0;6;0;0;0;14;
09188121;Gilching;223;091881210024;BRIEFWAHLBEZIRK;Mittelschule 4;24;;;N;0;0;0;0;608;0;608;0;0;1;607;247;97;119;20;50;21;21;1;13;5;2;11;0;608;231;82;123;30;52;16;35;2;9;1;3;1;6;0;0;1;16;
09188121;Gilching;223;091881210025;BRIEFWAHLBEZIRK;Mittelschule 5;25;;;N;0;0;0;0;629;0;629;0;0;4;625;262;95;125;24;52;21;17;0;12;5;4;8;1;628;241;87;125;34;57;15;31;0;6;3;2;1;2;2;0;0;22;
09188121;Gilching;223;091881210026;BRIEFWAHLBEZIRK;Mittelschule 6;26;;;N;0;0;0;0;620;0;620;0;0;1;619;311;77;108;12;62;15;11;0;11;1;5;6;1;619;297;68;112;20;61;14;13;2;8;0;3;2;4;0;0;0;15;
09188121;Gilching;223;091881210027;BRIEFWAHLBEZIRK;Mittelschule 7;27;;;N;0;0;0;0;544;0;544;0;0;1;543;230;82;103;14;51;15;17;6;16;4;0;5;1;543;211;71;106;16;56;16;23;3;5;5;3;2;4;3;0;1;18;
09188121;Gilching;223;091881210028;BRIEFWAHLBEZIRK;Mittelschule 8;28;;;N;0;0;0;0;637;0;637;0;0;2;635;303;91;97;19;60;25;21;2;5;4;1;7;1;636;288;86;104;28;63;22;24;2;3;1;1;1;7;1;0;0;5;
09188121;Gilching;223;091881210029;BRIEFWAHLBEZIRK;Mittelschule 9;29;;;N;0;0;0;0;605;0;605;0;0;2;603;261;70;110;31;54;24;25;0;11;4;3;10;0;605;243;70;118;42;54;19;33;1;8;1;0;0;6;0;0;1;9;
09188121;Gilching;223;091881210030;BRIEFWAHLBEZIRK;Mittelschule 10;30;;;N;0;0;0;0;620;0;620;0;0;3;617;297;67;91;18;69;22;20;5;7;3;2;16;1;619;265;59;100;34;67;22;22;2;5;3;3;1;9;0;0;0;27;
09188124;Herrsching;223;09188124;GEMEINDE;Herrsching;;;;N;7783;3795;3988;0;6709;2896;3813;23;0;32;6677;2811;871;1365;283;709;140;200;57;93;43;16;89;15;6694;2557;778;1367;466;741;122;313;26;52;28;26;8;47;4;0;2;157;
09188124;Herrsching;223;091881240001;STIMMBEZIRK;Kath. Pfarrsaal;0001;;;N;1232;684;548;0;452;449;3;3;0;3;449;159;81;61;9;91;6;23;6;4;6;2;1;3;449;141;71;55;24;88;11;32;2;4;3;2;2;1;0;0;0;13;
09188124;Herrsching;223;091881240002;STIMMBEZIRK;Aula Realschule;0002;;;N;1206;599;607;0;489;485;4;4;0;3;486;197;64;81;24;72;9;16;7;4;3;2;7;0;489;179;49;91;40;72;3;26;2;1;3;1;3;2;0;0;0;17;
09188124;Herrsching;223;091881240003;STIMMBEZIRK;Realschule Foyer Dreifach-Turnhalle;0003;;;N;1168;524;644;0;424;421;3;3;0;2;422;136;55;109;31;50;8;19;3;1;4;2;4;1;423;122;52;110;35;59;6;24;2;2;1;2;0;1;0;0;0;7;
09188124;Herrsching;223;091881240004;STIMMBEZIRK;Christian-Morgenstern-Schule, Martinshalle;0004;;;N;1281;605;676;0;469;467;2;2;0;6;463;184;62;91;18;67;9;11;4;7;6;0;4;3;466;167;63;87;33;66;7;13;4;4;5;0;0;3;1;0;0;13;
09188124;Herrsching;223;091881240005;STIMMBEZIRK;Christian-Morgenstern-Schule, Fahrschulraum;0005;;;N;1308;605;703;0;484;478;6;6;0;0;484;151;63;108;27;78;7;18;6;12;3;2;9;1;483;126;54;109;50;77;4;27;2;8;2;2;1;6;0;0;0;15;
09188124;Herrsching;223;091881240006;STIMMBEZIRK;Bürgersaal Breitbrunn;0006;;;N;1222;589;633;0;456;452;4;4;0;1;455;176;46;130;24;45;12;13;3;1;1;0;4;0;456;161;41;134;28;48;9;21;0;0;1;1;0;1;0;0;1;10;
09188124;Herrsching;223;091881240007;STIMMBEZIRK;Dorfgemeindehaus Widdersberg;0007;;;N;366;189;177;0;145;144;1;1;0;1;144;48;15;39;6;22;0;7;2;3;0;0;2;0;145;47;14;36;8;22;1;8;0;0;0;0;0;3;0;0;1;5;
09188124;Herrsching;223;091881240021;BRIEFWAHLBEZIRK;"Christian-Morgenstern-Schule, Briefwahl 1; Zi.Nr. O147";0021;;;N;0;0;0;0;529;0;529;0;0;2;527;240;82;71;19;56;15;15;7;11;3;2;6;2;527;213;82;71;26;60;17;25;3;10;2;1;0;3;0;0;0;14;
09188124;Herrsching;223;091881240022;BRIEFWAHLBEZIRK;"Christian-Morgenstern-Schule, Briefwahl 2; Zi.Nr. O146";0022;;;N;0;0;0;0;580;0;580;0;0;2;578;267;62;141;18;37;13;22;1;9;1;1;6;0;580;247;59;123;35;43;13;35;1;4;3;3;0;1;2;0;0;11;
09188124;Herrsching;223;091881240023;BRIEFWAHLBEZIRK;"Christian-Morgenstern-Schule, Briefwahl 3; Zi.Nr. E128";0023;;;N;0;0;0;0;782;0;782;0;0;5;777;367;93;149;30;63;23;16;5;12;3;2;14;4;778;339;71;157;49;69;16;28;0;10;4;6;1;7;0;0;0;21;
09188124;Herrsching;223;091881240024;BRIEFWAHLBEZIRK;"Christian-Morgenstern-Schule, Briefwahl 4; Zi.Nr. O231";0024;;;N;0;0;0;0;641;0;641;0;0;5;636;281;101;122;32;34;14;17;5;6;5;2;17;0;641;255;102;125;46;35;15;27;3;2;3;3;1;6;1;0;0;17;
09188124;Herrsching;223;091881240025;BRIEFWAHLBEZIRK;Christian-Morgenstern-Schule, Briefwahl 5, Zi.Nr. O233;0025;;;N;0;0;0;0;663;0;663;0;0;1;662;335;76;131;29;44;9;10;3;14;5;1;5;0;663;307;64;134;52;47;10;22;4;7;1;4;0;5;0;0;0;6;
09188124;Herrsching;223;091881240026;BRIEFWAHLBEZIRK;"Christian-Morgenstern-Schule, Briefwahl 6; Zi.Nr. O234";0026;;;N;0;0;0;0;595;0;595;0;0;1;594;270;71;132;16;50;15;13;5;9;3;0;10;1;594;253;56;135;40;55;10;25;3;0;0;1;0;8;0;0;0;8;
09188126;Inning am Ammersee;223;09188126;GEMEINDE;Inning am Ammersee;;;;N;3431;1631;1800;0;3073;1351;1722;7;0;4;3069;1460;326;589;122;303;99;89;17;21;7;2;34;1;3072;1353;300;553;214;310;82;137;10;15;1;7;2;28;2;1;3;54;
09188126;Inning am Ammersee;223;091881260001;STIMMBEZIRK;Grundschule Inning Zi.-Nr. 102;0001;;;N;1085;549;536;0;446;445;1;1;0;0;446;190;48;80;18;60;16;25;3;1;0;1;4;0;446;185;37;75;26;64;15;28;1;2;0;1;0;1;0;0;1;10;
09188126;Inning am Ammersee;223;091881260002;STIMMBEZIRK;Grundschule Inning Zi.-Nr. 105;0002;;;N;1217;586;631;0;501;496;5;5;0;1;500;229;43;89;27;77;7;18;3;2;2;0;3;0;501;204;45;75;45;79;8;29;4;1;1;1;0;4;0;0;1;4;
09188126;Inning am Ammersee;223;091881260003;STIMMBEZIRK;Feuerwehrhaus Buch 1. OG;0003;;;N;1129;496;633;0;411;410;1;1;0;1;410;187;37;93;19;47;8;8;3;3;2;1;2;0;411;168;36;93;28;52;5;16;0;2;0;0;0;1;0;0;0;10;
09188126;Inning am Ammersee;223;091881260011;BRIEFWAHLBEZIRK;Feuerwehrhaus Inning Archivraum;0011;;;N;0;0;0;0;593;0;593;0;0;1;592;345;52;92;15;41;22;9;3;9;0;0;4;1;592;321;46;94;35;40;23;12;2;6;0;0;0;3;0;0;0;10;
09188126;Inning am Ammersee;223;091881260012;BRIEFWAHLBEZIRK;Rathaus Inning -Sitzungssaal-;0012;;;N;0;0;0;0;529;0;529;0;0;1;528;223;71;123;24;41;21;11;2;3;2;0;7;0;529;208;66;104;44;40;12;31;2;1;0;3;1;5;1;1;1;9;
09188126;Inning am Ammersee;223;091881260013;BRIEFWAHLBEZIRK;Rathaus Inning -Dachgeschoss-;0013;;;N;0;0;0;0;593;0;593;0;0;0;593;286;75;112;19;37;25;18;3;3;1;0;14;0;593;267;70;112;36;35;19;21;1;3;0;2;1;14;1;0;0;11;
09188127;Krailling;223;09188127;GEMEINDE;Krailling;;;;N;5486;2670;2816;0;4708;2125;2583;0;0;16;4692;2047;688;923;239;424;84;134;32;55;26;7;33;10;4698;1838;623;938;398;429;69;212;16;33;15;15;10;22;1;0;1;78;
09188127;Krailling;223;091881270001;STIMMBEZIRK;Grundschule 1;0001;;;N;933;493;440;0;353;353;0;0;0;2;351;142;45;58;28;42;4;15;7;3;4;0;3;0;353;123;40;61;43;43;3;19;3;2;4;0;0;3;0;0;0;9;
09188127;Krailling;223;091881270002;STIMMBEZIRK;Grundschule 2;0002;;;N;959;466;493;0;374;374;0;0;0;0;374;145;67;85;11;39;5;9;2;6;2;0;3;0;374;129;60;87;28;39;2;16;2;4;0;0;0;0;0;0;0;7;
09188127;Krailling;223;091881270003;STIMMBEZIRK;Grundschule 3;0003;;;N;1037;443;594;0;365;365;0;0;0;0;365;141;43;81;19;52;7;10;2;4;3;1;2;0;365;135;45;75;25;57;4;13;0;1;2;1;1;0;0;0;0;6;
09188127;Krailling;223;091881270004;STIMMBEZIRK;Grundschule 4;0004;;;N;1044;510;534;0;415;415;0;0;0;2;413;157;60;83;23;51;8;16;5;3;2;1;4;2;413;145;44;92;42;46;7;22;4;1;1;0;2;2;0;0;0;5;
09188127;Krailling;223;091881270005;STIMMBEZIRK;Grundschule 5;0005;;;N;860;399;461;0;314;314;0;0;0;1;313;120;66;54;21;28;2;17;2;1;1;0;1;1;313;106;52;56;33;34;2;21;1;0;0;2;0;1;0;0;0;5;
09188127;Krailling;223;091881270006;STIMMBEZIRK;TSV Pentenried;0006;;;N;653;359;294;0;304;304;0;0;0;1;303;124;36;44;9;58;13;8;3;3;3;1;1;1;303;113;30;41;20;56;9;19;2;2;2;0;2;2;0;0;1;4;
09188127;Krailling;223;091881270011;BRIEFWAHLBEZIRK;Briefwahl 11;0011;;;N;0;0;0;0;404;0;404;0;0;2;402;206;57;77;23;20;6;6;1;2;3;0;1;0;404;192;64;70;31;23;5;11;0;3;2;0;0;0;0;0;0;3;
09188127;Krailling;223;091881270012;BRIEFWAHLBEZIRK;Briefwahl 12;0012;;;N;0;0;0;0;447;0;447;0;0;2;445;232;64;83;19;26;2;5;1;6;2;4;1;2;445;204;62;87;35;22;4;16;0;3;1;2;1;2;0;0;0;6;
09188127;Krailling;223;091881270013;BRIEFWAHLBEZIRK;Briefwahl 13;0013;;;N;0;0;0;0;536;0;536;0;0;2;534;258;79;104;24;36;12;12;1;5;0;0;3;2;534;224;68;110;42;38;12;20;0;4;1;2;0;2;1;0;0;10;
09188127;Krailling;223;091881270014;BRIEFWAHLBEZIRK;Briefwahl 14;0014;;;N;0;0;0;0;495;0;495;0;0;1;494;224;61;97;27;32;18;15;2;9;3;0;6;0;495;194;63;98;48;31;12;22;1;8;1;2;2;7;0;0;0;6;
09188127;Krailling;223;091881270015;BRIEFWAHLBEZIRK;Briefwahl 15;0015;;;N;0;0;0;0;429;0;429;0;0;2;427;167;76;102;23;22;2;14;4;9;2;0;6;1;428;160;67;104;29;24;3;21;1;2;1;2;2;3;0;0;0;9;
09188127;Krailling;223;091881270016;BRIEFWAHLBEZIRK;Briefwahl 16;0016;;;N;0;0;0;0;272;0;272;0;0;1;271;131;34;55;12;18;5;7;2;4;1;0;2;1;271;113;28;57;22;16;6;12;2;3;0;4;0;0;0;0;0;8;
09188132;Seefeld;223;09188132;GEMEINDE;Seefeld;;;;N;5406;2592;2814;0;4801;2106;2695;15;0;13;4788;2039;626;918;158;510;162;157;35;64;31;9;79;15;4786;1809;575;942;291;535;122;241;13;39;16;19;6;50;6;2;5;115;
09188132;Seefeld;223;091881320001;STIMMBEZIRK;Seefeld 1 Grundschule;001;;;N;1183;600;583;0;476;475;1;1;0;2;474;177;71;78;17;76;12;19;3;9;4;1;7;4;472;165;69;76;25;80;9;29;2;3;2;0;1;5;1;0;1;4;
09188132;Seefeld;223;091881320002;STIMMBEZIRK;Seefeld 2 Gemeindeverwaltung, Sitzungsaal;002;;;N;1218;595;623;0;480;477;3;3;0;2;478;182;63;84;19;75;12;26;6;4;1;0;6;1;479;161;56;82;34;76;9;36;1;1;2;1;0;3;0;0;1;16;
09188132;Seefeld;223;091881320003;STIMMBEZIRK;Hechendorf 1 Sporthalle;003;;;N;1062;456;606;0;371;368;3;3;0;1;370;116;70;94;14;50;6;11;2;2;1;1;3;3;368;94;58;93;22;48;6;21;0;1;1;4;0;4;0;2;0;14;
09188132;Seefeld;223;091881320004;STIMMBEZIRK;Hechendorf 2 Bürgerstadl;004;;;N;1316;584;732;0;499;491;8;8;0;0;499;188;80;93;26;68;9;18;4;3;3;1;6;0;499;159;62;106;45;73;8;26;0;3;1;3;0;3;0;0;1;9;
09188132;Seefeld;223;091881320005;STIMMBEZIRK;Meiling Feuerwehrhaus;005;;;N;217;119;98;0;101;101;0;0;0;0;101;45;4;18;2;18;4;3;2;0;1;1;3;0;101;38;5;18;5;22;3;6;0;0;0;0;0;1;0;0;1;2;
09188132;Seefeld;223;091881320006;STIMMBEZIRK;Unering Feuerwehr- und Schützenhaus;006;;;N;243;144;99;0;117;117;0;0;0;0;117;55;6;10;6;24;4;4;3;2;1;1;1;0;117;53;7;9;6;26;5;5;1;0;1;0;0;0;0;0;0;4;
09188132;Seefeld;223;091881320007;STIMMBEZIRK;Drößling Feuerwehrhaus;007;;;N;167;94;73;0;77;77;0;0;0;1;76;54;4;0;2;10;3;0;0;1;1;1;0;2;75;47;6;1;3;10;2;1;1;1;0;0;1;0;0;0;0;2;
09188132;Seefeld;223;091881320011;BRIEFWAHLBEZIRK;Briefwahl 1 Grundschule;011;;;N;0;0;0;0;475;0;475;0;0;0;475;205;40;133;7;24;21;21;5;4;5;0;10;0;475;182;32;134;33;24;7;29;4;3;3;2;0;10;1;0;0;11;
09188132;Seefeld;223;091881320012;BRIEFWAHLBEZIRK;Briefwahl 2 Grundschule;012;;;N;0;0;0;0;546;0;546;0;0;2;544;247;87;100;13;49;15;12;4;7;3;0;7;0;546;214;81;105;28;50;13;23;0;5;0;1;1;8;1;0;0;16;
09188132;Seefeld;223;091881320013;BRIEFWAHLBEZIRK;Briefwahl 3 Feuerwehrgerätehaus;013;;;N;0;0;0;0;548;0;548;0;0;2;546;251;67;100;16;38;29;14;1;10;4;0;16;2;546;233;72;103;23;37;18;24;1;9;1;4;1;6;2;0;1;11;
09188132;Seefeld;223;091881320014;BRIEFWAHLBEZIRK;Briefwahl 4 Gemeindeverwaltung, Zimmer Bauamtsleitung;014;;;N;0;0;0;0;559;0;559;0;0;2;557;264;68;94;20;40;25;16;2;13;3;1;11;2;557;230;68;97;38;47;22;18;1;6;3;3;1;5;0;0;0;18;
09188132;Seefeld;223;091881320015;BRIEFWAHLBEZIRK;Briefwahl 5 Vereinsheim;015;;;N;0;0;0;0;552;0;552;0;0;1;551;255;66;114;16;38;22;13;3;9;4;2;9;1;551;233;59;118;29;42;20;23;2;7;2;1;1;5;1;0;0;8;
09188137;Pöcking;223;09188137;GEMEINDE;Pöcking;;;;N;4050;1908;2142;0;3630;1554;2076;6;0;15;3615;1619;508;620;154;377;115;103;36;39;19;3;22;12;3618;1466;460;629;241;391;92;148;13;26;15;10;2;18;3;0;0;104;
09188137;Pöcking;223;091881370001;STIMMBEZIRK;Pöcking Süd Sozialstaion;0001;;;N;1388;626;762;0;538;536;2;2;0;5;533;210;73;101;18;80;18;15;6;4;6;0;2;2;536;197;61;98;34;74;10;24;2;2;4;0;0;3;1;0;0;26;
09188137;Pöcking;223;091881370002;STIMMBEZIRK;Pöcking Nord Grundschule;0002;;;N;1341;650;691;0;500;497;3;3;0;2;498;203;59;66;23;80;13;24;10;13;4;1;2;2;498;190;51;70;27;85;11;32;5;7;2;2;0;1;1;0;0;14;
09188137;Pöcking;223;091881370003;STIMMBEZIRK;Pöcking Ortsteile Bauamt;0003;;;N;1321;632;689;0;522;521;1;1;0;1;521;207;80;85;29;77;21;14;3;1;1;0;3;1;521;174;77;85;46;79;11;24;3;2;2;1;1;3;0;0;0;13;
09188137;Pöcking;223;091881370011;BRIEFWAHLBEZIRK;Briefwahl 11 Rathaus Sitzungssaal;0011;;;N;0;0;0;0;694;0;694;0;0;0;694;336;97;113;30;44;27;17;8;10;3;1;8;0;694;309;87;124;40;47;29;20;1;5;3;2;0;5;1;0;0;21;
09188137;Pöcking;223;091881370012;BRIEFWAHLBEZIRK;Briefwahl 12 beccult;0012;;;N;0;0;0;0;684;0;684;0;0;5;679;331;102;131;23;45;15;19;2;6;2;0;3;4;680;294;98;133;40;52;16;26;0;4;2;2;0;3;0;0;0;10;
09188137;Pöcking;223;091881370013;BRIEFWAHLBEZIRK;Briefwahl 13 beccult;0013;;;N;0;0;0;0;692;0;692;0;0;2;690;332;97;124;31;51;21;14;7;5;3;1;4;3;689;302;86;119;54;54;15;22;2;6;2;3;1;3;0;0;0;20;
09188139;Starnberg;223;09188139;GEMEINDE;Starnberg;;;;N;16696;8232;8464;0;14422;6415;8007;109;0;62;14360;6405;1752;2483;718;1683;385;407;88;163;94;40;142;28;14394;5766;1658;2408;1175;1752;255;645;49;99;56;47;26;96;5;1;6;350;
09188139;Starnberg;223;091881390001;STIMMBEZIRK;Brunnangerhalle, Bewegungsstudio;0001;;;N;986;444;542;0;350;344;6;6;0;1;349;134;48;62;15;57;11;10;4;5;1;0;2;1;349;119;48;54;27;56;7;21;1;2;0;2;1;4;0;0;0;7;
09188139;Starnberg;223;091881390002;STIMMBEZIRK;Irmgard-Stadler-Kindergarten;0002;;;N;880;492;388;0;375;371;4;4;0;1;374;153;42;69;18;52;7;17;0;5;5;2;4;0;375;127;38;66;35;55;5;26;1;5;2;1;1;2;0;0;0;11;
09188139;Starnberg;223;091881390003;STIMMBEZIRK;Beamtenfachhochschule Cafeteria;0003;;;N;994;442;552;0;349;338;11;11;0;1;348;153;35;68;23;43;7;12;0;2;2;0;3;0;349;129;35;68;37;48;2;18;0;1;1;0;0;1;0;0;0;9;
09188139;Starnberg;223;091881390004;STIMMBEZIRK;Städtischer Betriebshof;0004;;;N;1279;659;620;0;550;548;2;2;0;1;549;212;66;82;29;112;14;19;1;8;2;1;3;0;550;184;69;74;44;120;7;28;0;0;1;2;0;2;0;0;0;19;
09188139;Starnberg;223;091881390005;STIMMBEZIRK;Grundschule Starnberg;0005;;;N;1020;516;504;0;413;404;9;9;0;1;412;150;55;68;14;79;8;22;3;7;2;1;3;0;413;130;48;71;25;76;6;26;1;4;3;1;0;4;1;0;1;16;
09188139;Starnberg;223;091881390006;STIMMBEZIRK;Evang.-Luth.-Gemeindesaal;0006;;;N;1003;534;469;0;387;383;4;4;0;2;385;139;77;49;15;72;6;7;2;8;4;1;5;2;385;129;76;48;28;69;4;13;1;2;1;0;0;2;0;0;0;12;
09188139;Starnberg;223;091881390007;STIMMBEZIRK;Alte Oberschule, Räumlichkeiten der AWO;0007;;;N;1075;527;548;0;391;383;8;8;0;1;390;149;49;73;21;70;5;13;1;2;1;3;3;1;390;135;45;67;32;72;3;24;1;2;1;0;1;2;0;0;0;5;
09188139;Starnberg;223;091881390008;STIMMBEZIRK;Schloßbergschule I;0008;;;N;985;466;519;0;386;377;9;9;0;0;386;155;47;76;24;51;5;16;3;4;2;0;3;0;386;130;40;85;43;52;4;18;3;1;1;0;0;2;0;0;0;7;
09188139;Starnberg;223;091881390009;STIMMBEZIRK;Schloßbergschule II;0009;;;N;844;340;504;0;258;257;1;1;0;3;255;131;31;45;11;17;6;9;1;0;1;0;3;1;257;121;34;36;23;16;5;16;0;0;0;0;1;1;0;0;0;4;
09188139;Starnberg;223;091881390010;STIMMBEZIRK;Kath. Kindertagesstätte "St. Nikolaus";0010;;;N;1039;580;459;0;483;476;7;7;0;3;480;169;88;71;19;83;11;23;3;3;4;4;2;2;481;149;76;70;30;82;9;26;3;1;2;2;2;6;1;0;1;21;
09188139;Starnberg;223;091881390011;STIMMBEZIRK;Trachtenjugendheim;0011;;;N;926;479;447;0;365;352;13;13;0;1;364;149;33;63;20;62;5;18;4;3;2;0;5;1;364;130;40;59;32;59;2;21;2;0;2;1;0;4;0;0;0;12;
09188139;Starnberg;223;091881390012;STIMMBEZIRK;Grundschule Söcking I;0012;;;N;1241;531;710;0;432;421;11;11;0;2;430;183;61;64;22;53;16;10;6;4;3;1;7;1;431;173;56;64;32;62;4;16;4;5;2;2;3;3;0;0;0;5;
09188139;Starnberg;223;091881390013;STIMMBEZIRK;Grundschule Söcking II;0013;;;N;1304;579;725;0;437;431;6;6;0;2;435;173;48;80;31;67;9;19;3;3;1;0;1;0;437;161;45;69;43;69;7;25;1;2;1;1;0;1;0;0;0;12;
09188139;Starnberg;223;091881390014;STIMMBEZIRK;Hadorf, Feuerwehrgerätehaus;0014;;;N;259;154;105;0;135;135;0;0;0;0;135;64;10;18;4;24;4;4;1;5;0;0;1;0;135;64;7;18;4;27;4;7;0;3;0;0;0;0;0;0;0;1;
09188139;Starnberg;223;091881390015;STIMMBEZIRK;Perchting, Kath. Pfarrsaal;0015;;;N;783;413;370;0;352;344;8;8;0;1;351;142;28;36;21;74;21;10;5;5;4;1;4;1;351;134;23;36;28;76;12;18;5;1;5;1;0;2;0;0;0;10;
09188139;Starnberg;223;091881390016;STIMMBEZIRK;Percha, Mehrzweckhalle;0016;;;N;1147;585;562;0;425;420;5;5;0;4;421;172;38;89;23;69;12;13;1;2;2;0;0;2;423;152;40;79;39;67;8;19;0;3;0;2;0;3;0;0;0;11;
09188139;Starnberg;223;091881390017;STIMMBEZIRK;Wangen, Mehrzweckhalle;0017;;;N;574;286;288;0;258;254;4;4;0;0;258;122;22;37;12;43;8;5;1;1;1;1;5;0;258;109;19;37;20;45;5;6;0;4;2;0;1;2;0;0;0;8;
09188139;Starnberg;223;091881390018;STIMMBEZIRK;Leutstetten, Feuerwehrgerätehaus;0018;;;N;357;205;152;0;178;177;1;1;0;3;175;77;18;37;12;17;2;8;1;2;0;0;1;1;177;63;18;32;19;20;2;14;2;1;0;0;0;1;0;0;0;5;
09188139;Starnberg;223;091881390021;BRIEFWAHLBEZIRK;Briefwahlvorstand I;0021;;;N;0;0;0;0;911;0;911;0;0;4;907;464;109;128;41;87;29;15;4;13;5;3;9;2;909;426;104;134;77;91;18;26;1;8;2;2;3;5;0;0;1;11;
09188139;Starnberg;223;091881390022;BRIEFWAHLBEZIRK;Briefwahlvorstand II;0022;;;N;0;0;0;0;932;0;932;0;0;0;932;441;110;164;43;87;31;22;6;13;3;3;9;2;930;406;102;160;66;96;25;33;2;8;3;7;2;4;0;0;0;16;
09188139;Starnberg;223;091881390023;BRIEFWAHLBEZIRK;Briefwahlvorstand III;0023;;;N;0;0;0;0;839;0;839;0;0;6;833;419;99;147;45;70;18;17;3;5;4;1;5;3;836;378;107;140;71;70;12;29;2;2;2;3;0;5;1;1;0;13;
09188139;Starnberg;223;091881390024;BRIEFWAHLBEZIRK;Briefwahlvorstand IV;0024;;;N;0;0;0;0;920;0;920;0;0;4;916;470;100;160;39;80;20;18;4;6;8;2;9;0;920;410;99;161;67;87;24;27;4;4;6;5;2;7;0;0;0;17;
09188139;Starnberg;223;091881390025;BRIEFWAHLBEZIRK;Briefwahlvorstand V;0025;;;N;0;0;0;0;822;0;822;0;0;5;817;395;100;155;29;56;22;18;5;15;5;6;11;1;821;357;90;158;53;69;14;30;2;7;5;4;2;5;1;0;2;22;
09188139;Starnberg;223;091881390026;BRIEFWAHLBEZIRK;Briefwahlvorstand VI;0026;;;N;0;0;0;0;765;0;765;0;0;2;763;334;106;132;43;68;27;20;7;13;5;1;7;2;763;298;97;126;63;73;17;38;5;13;2;4;3;5;0;0;0;19;
09188139;Starnberg;223;091881390027;BRIEFWAHLBEZIRK;Briefwahlvorstand VII;0027;;;N;0;0;0;0;810;0;810;0;0;3;807;336;107;168;48;65;25;20;6;9;9;2;12;1;809;305;96;163;73;65;17;44;3;5;5;2;1;6;0;0;0;24;
09188139;Starnberg;223;091881390028;BRIEFWAHLBEZIRK;Briefwahlvorstand VIII;0028;;;N;0;0;0;0;959;0;959;0;0;8;951;467;110;168;49;59;31;30;5;9;12;2;9;4;955;424;108;158;84;57;21;43;2;10;4;3;2;9;1;0;0;29;
09188139;Starnberg;223;091881390029;BRIEFWAHLBEZIRK;Briefwahlvorstand IX;0029;;;N;0;0;0;0;940;0;940;0;0;3;937;452;115;174;47;66;25;12;8;11;6;5;16;0;940;423;98;175;80;73;11;33;3;5;3;2;1;8;0;0;1;24;
09188141;Tutzing;223;09188141;GEMEINDE;Tutzing;;;;N;7204;3317;3887;0;6293;2572;3721;23;0;20;6273;2792;753;1114;343;684;186;159;42;81;33;23;63;17;6276;2563;679;1128;460;714;152;269;24;59;20;29;9;39;0;0;6;125;
09188141;Tutzing;223;091881410001;STIMMBEZIRK;Stimmbezirk 1 Tutzing - GS;001;;;N;1570;731;839;0;607;602;5;5;0;3;604;227;78;125;43;81;11;15;2;11;1;0;10;1;606;201;76;113;62;89;9;25;1;7;1;5;1;6;0;0;0;10;
09188141;Tutzing;223;091881410002;STIMMBEZIRK;Stimmbezirk 2 Tutzing - GS;002;;;N;1543;685;858;0;543;534;9;9;0;3;540;233;69;99;24;83;9;10;3;4;5;0;1;2;541;195;60;98;48;85;11;25;2;4;3;1;0;2;0;0;0;7;
09188141;Tutzing;223;091881410003;STIMMBEZIRK;Stimmbezirk 3 Tutzing - GS;003;;;N;1567;747;820;0;567;563;4;4;0;2;565;208;84;105;36;90;4;20;5;3;1;2;7;4;563;187;70;108;41;88;6;38;2;1;0;0;0;3;0;0;1;18;
09188141;Tutzing;223;091881410004;STIMMBEZIRK;Stimmbezirk 4 Tutzing - GS;004;;;N;1564;665;899;0;499;494;5;5;0;1;498;200;57;81;21;74;15;19;8;8;4;4;7;0;499;179;51;81;33;84;10;30;5;7;2;1;0;4;0;0;1;11;
09188141;Tutzing;223;091881410005;STIMMBEZIRK;Stimmbezirk 5 Tutzing-Traubing;005;;;N;960;489;471;0;379;379;0;0;0;2;377;175;29;26;15;86;18;9;6;7;1;2;3;3;376;154;34;25;16;97;15;13;2;4;2;3;0;1;0;0;0;10;
09188141;Tutzing;223;091881410011;BRIEFWAHLBEZIRK;Briefwahlbezirk 11 Tutzing;011;;;N;0;0;0;0;756;0;756;0;0;1;755;384;83;115;44;63;24;12;4;13;4;4;5;2;754;376;78;130;41;59;17;20;2;8;2;5;1;3;0;0;2;10;
09188141;Tutzing;223;091881410012;BRIEFWAHLBEZIRK;Briefwahlbezirk 12 Tutzing;012;;;N;0;0;0;0;1391;0;1391;0;0;2;1389;611;181;265;81;93;59;41;10;17;8;9;14;2;1389;566;154;276;105;93;46;67;7;17;4;6;5;9;0;0;1;33;
09188141;Tutzing;223;091881410013;BRIEFWAHLBEZIRK;Briefwahlbezirk 13 Tutzing;013;;;N;0;0;0;0;796;0;796;0;0;5;791;380;90;158;46;54;21;13;3;11;6;0;9;2;794;357;77;169;56;57;22;21;1;5;4;4;0;5;0;0;1;15;
09188141;Tutzing;223;091881410014;BRIEFWAHLBEZIRK;Briefwahlbezirk 14 Tutzing;014;;;N;0;0;0;0;755;0;755;0;0;1;754;374;82;140;33;60;25;20;1;7;3;2;7;1;754;348;79;128;58;62;16;30;2;6;2;4;2;6;0;0;0;11;
09188144;Weßling;223;09188144;GEMEINDE;Weßling;;;;N;4086;1962;2124;0;3676;1641;2035;13;0;4;3672;1416;531;934;97;342;109;114;24;40;19;9;37;7;3669;1319;450;888;175;351;82;216;16;22;9;17;6;33;1;1;2;81;
09188144;Weßling;223;091881440001;STIMMBEZIRK;Hort Hochstadt Erdgeschoss - rechts;0001;;;N;627;332;295;0;278;276;2;2;0;1;277;132;26;45;5;44;9;7;1;5;0;0;3;2;276;117;22;49;10;45;5;13;1;1;1;3;0;3;0;0;0;6;
09188144;Weßling;223;091881440002;STIMMBEZIRK;Alte Grundschule Oberpfaffenhofen Erdgeschoss - rechts;0002;;;N;675;335;340;0;291;287;4;4;0;0;291;104;47;73;7;37;8;8;3;2;0;0;2;0;291;99;39;70;13;37;8;15;1;0;0;1;0;1;0;1;0;6;
09188144;Weßling;223;091881440003;STIMMBEZIRK;Alte Grundschule Oberpfaffenhofen Obergeschoss- rechts;0003;;;N;632;293;339;0;231;229;2;2;0;0;231;84;27;71;6;18;7;7;2;2;1;1;5;1;230;77;26;69;5;23;4;10;3;2;0;2;0;4;0;0;1;4;
09188144;Weßling;223;091881440004;STIMMBEZIRK;Neue Grundschule Weßling Erdgeschoss - links;0004;;;N;710;282;428;0;240;236;4;4;0;0;240;67;45;78;5;27;2;10;2;2;0;1;1;0;240;61;40;67;9;27;3;26;2;1;0;0;1;2;0;0;0;1;
09188144;Weßling;223;091881440005;STIMMBEZIRK;Neue Grundschule Weßling Erdgeschoss - Mitte;0005;;;N;722;351;371;0;300;299;1;1;0;0;300;93;44;71;6;48;5;17;4;4;6;0;2;1;299;83;42;53;16;49;4;28;3;3;1;1;1;4;0;0;0;11;
09188144;Weßling;223;091881440006;STIMMBEZIRK;Neue Grundschule Weßling Erdgeschoss - rechts;0006;;;N;720;369;351;0;314;314;0;0;0;1;313;86;52;94;5;36;13;17;2;5;0;0;3;1;313;84;40;95;12;39;3;28;0;3;0;0;0;2;0;0;1;6;
09188144;Weßling;223;091881440011;BRIEFWAHLBEZIRK;Alte Grundschule Oberpfaffenhofen;0011;;;N;0;0;0;0;487;0;487;0;0;1;486;189;74;127;16;38;7;11;4;8;2;4;6;0;487;191;71;109;25;35;7;26;2;2;2;2;3;3;0;0;0;9;
09188144;Weßling;223;091881440012;BRIEFWAHLBEZIRK;Neue Grundschule Weßling - UG;0012;;;N;0;0;0;0;499;0;499;0;0;0;499;216;59;137;12;40;16;8;0;3;2;0;6;0;499;200;50;131;24;35;13;19;0;4;2;4;0;5;0;0;0;12;
09188144;Weßling;223;091881440013;BRIEFWAHLBEZIRK;Neue Grundschule Weßling - UG;0013;;;N;0;0;0;0;489;0;489;0;0;1;488;214;69;115;14;25;22;14;3;2;5;1;4;2;487;195;49;119;29;32;15;26;1;2;2;3;0;4;0;0;0;10;
09188144;Weßling;223;091881440014;BRIEFWAHLBEZIRK;Rathaus - Sitzungssaal;0014;;;N;0;0;0;0;547;0;547;0;0;0;547;231;88;123;21;29;20;15;3;7;3;2;5;0;547;212;71;126;32;29;20;25;3;4;1;1;1;5;1;0;0;16;
09188145;Wörthsee;223;09188145;GEMEINDE;Wörthsee;;;;N;3903;1676;2227;0;3545;1384;2161;1;0;12;3533;1536;434;789;134;301;89;117;13;52;18;8;42;5;3540;1398;406;752;232;331;74;198;8;15;9;10;4;29;1;1;1;71;
09188145;Wörthsee;223;091881450001;STIMMBEZIRK;Rathaus-0001;0001;;;N;1283;549;734;0;464;463;1;1;0;0;464;179;63;118;13;47;10;15;3;6;0;4;6;1;463;174;56;96;23;57;4;34;2;3;0;1;3;3;0;0;0;7;
09188145;Wörthsee;223;091881450002;STIMMBEZIRK;Grundschule (Hort)-0002;0002;;;N;1282;544;738;0;456;456;0;0;0;3;453;175;61;107;14;46;11;20;0;6;4;0;9;0;456;158;62;97;28;46;8;29;0;2;3;3;0;8;0;0;0;12;
09188145;Wörthsee;223;091881450003;STIMMBEZIRK;Feuerwehrhaus Etterschlag-0003;0003;;;N;1338;583;755;0;465;465;0;0;0;1;464;196;57;71;23;68;8;27;1;4;2;1;6;0;465;172;55;70;33;75;8;36;1;1;0;1;1;3;1;0;0;8;
09188145;Wörthsee;223;091881450011;BRIEFWAHLBEZIRK;Briefwahllokal-0011;0011;;;N;0;0;0;0;712;0;712;0;0;1;711;330;86;172;29;37;17;14;4;8;4;2;8;1;711;292;71;184;63;50;11;25;1;1;1;1;0;4;0;0;0;7;
09188145;Wörthsee;223;091881450012;BRIEFWAHLBEZIRK;Briefwahllokal-0012;0012;;;N;0;0;0;0;719;0;719;0;0;5;714;340;81;158;27;44;21;24;1;10;3;1;4;2;717;309;83;149;55;45;14;34;1;5;2;0;0;4;0;0;0;16;
09188145;Wörthsee;223;091881450013;BRIEFWAHLBEZIRK;Briefwahllokal-0013;0013;;;N;0;0;0;0;729;0;729;0;0;2;727;316;86;163;28;59;22;17;4;18;5;0;9;1;728;293;79;156;30;58;29;40;3;3;3;4;0;7;0;1;1;21;
;;223;09179000;KREIS;Landkreis Fürstenfeldbruck;;;;N;26248;13086;13162;0;22301;9627;12674;35;0;75;22226;9196;3841;3206;685;2627;653;952;140;299;130;48;449;51;22250;8370;3232;3501;1126;2718;536;1354;86;155;89;79;35;222;26;3;12;706;
09179123;Germering;223;09179123;GEMEINDE;Germering;;;;N;26248;13086;13162;0;22301;9627;12674;35;0;75;22226;9196;3841;3206;685;2627;653;952;140;299;130;48;449;51;22250;8370;3232;3501;1126;2718;536;1354;86;155;89;79;35;222;26;3;12;706;
09179123;Germering;223;091791230001;STIMMBEZIRK;Stadthalle, Amadeussaal 1;001;;;N;2242;1209;1033;0;844;842;2;2;0;7;837;316;167;85;21;140;26;48;5;15;5;1;8;2;842;279;143;89;35;153;29;55;5;7;1;1;2;8;1;0;0;34;
09179123;Germering;223;091791230002;STIMMBEZIRK;Stadthalle, Amadeussaal 2;002;;;N;2114;1035;1079;0;785;784;1;1;0;4;781;289;126;98;19;147;15;45;8;10;6;4;14;5;780;256;99;115;37;147;9;58;4;2;2;2;1;13;3;0;1;31;
09179123;Germering;223;091791230003;STIMMBEZIRK;Stadthalle, Lena-Christ-Saal (1. Stock);003;;;N;2210;896;1314;0;679;677;2;2;0;1;678;263;85;119;40;95;14;36;5;4;3;0;14;2;677;242;65;127;49;98;13;44;3;3;1;1;0;4;0;0;0;27;
09179123;Germering;223;091791230004;STIMMBEZIRK;Kirchenschule, Aula 1;004;;;N;2168;1098;1070;0;789;788;1;1;0;7;782;279;122;91;21;151;19;55;6;17;6;4;11;2;787;251;111;94;30;159;20;68;4;3;7;2;0;6;0;1;2;29;
09179123;Germering;223;091791230005;STIMMBEZIRK;Kirchenschule, Aula 2;005;;;N;2243;1112;1131;0;813;812;1;1;0;1;812;295;135;109;26;147;27;43;4;6;2;0;18;0;813;269;111;119;45;144;16;53;1;2;5;5;3;11;1;0;0;28;
09179123;Germering;223;091791230006;STIMMBEZIRK;Max-Born-Gymnasium, Aula;006;;;N;2128;1114;1014;0;803;797;6;6;0;4;799;280;176;97;27;101;21;74;2;10;2;3;6;4;799;244;143;102;41;106;15;103;2;6;1;6;1;2;1;1;1;24;
09179123;Germering;223;091791230007;STIMMBEZIRK;Wittelsbacher Schule, Aula 1;007;;;N;2057;1199;858;0;872;863;9;9;0;6;866;317;155;72;27;157;21;82;5;9;6;0;15;2;870;274;141;77;38;160;10;87;5;11;4;3;2;10;0;0;0;48;
09179123;Germering;223;091791230008;STIMMBEZIRK;Wittelsbacher Schule, Aula 2;008;;;N;2070;1138;932;0;805;803;2;2;0;2;803;273;128;105;25;171;16;46;5;13;2;0;19;2;803;249;110;100;35;175;14;59;3;7;1;2;0;10;1;0;0;37;
09179123;Germering;223;091791230009;STIMMBEZIRK;Kleinfeldschule, Raum 1;009;;;N;2223;1131;1092;0;857;853;4;4;0;2;855;361;150;112;30;110;13;30;6;14;8;5;16;2;855;324;130;111;46;114;18;58;2;9;4;0;1;10;2;0;0;26;
09179123;Germering;223;091791230010;STIMMBEZIRK;Kerschensteinerschule, Aula;010;;;N;2442;1072;1370;0;880;875;5;5;0;3;877;365;154;152;31;108;17;29;3;5;3;1;9;1;879;327;135;149;56;115;15;48;1;2;1;3;1;5;0;0;1;20;
09179123;Germering;223;091791230011;STIMMBEZIRK;Carl-Spitzweg-Gymnasium, Aula 1;011;;;N;2198;1057;1141;0;777;777;0;0;0;2;775;275;138;127;22;133;18;33;5;9;2;1;12;2;775;248;121;129;46;123;8;48;5;5;1;0;2;4;1;0;0;34;
09179123;Germering;223;091791230012;STIMMBEZIRK;Carl-Spitzweg-Gymnasium, Aula 2;012;;;N;2153;1025;1128;0;758;756;2;2;0;1;757;268;156;87;21;127;27;46;1;10;4;2;8;3;755;244;108;116;38;121;18;62;3;4;5;1;1;2;0;0;1;31;
09179123;Germering;223;091791230021;BRIEFWAHLBEZIRK;Rathaus, Sozialraum, 6. Stock;021;;;N;0;0;0;0;605;0;605;0;0;1;604;265;106;88;18;52;26;12;8;9;0;2;18;2;603;256;96;89;25;52;24;23;5;7;1;3;2;5;1;0;1;13;
09179123;Germering;223;091791230022;BRIEFWAHLBEZIRK;Rathaus, Sitzungssaal, 6. Stock;022;;;N;0;0;0;0;802;0;802;0;0;2;800;347;137;112;23;70;28;30;10;16;7;1;19;2;800;326;119;126;36;67;21;47;4;8;5;1;2;12;2;0;1;23;
09179123;Germering;223;091791230023;BRIEFWAHLBEZIRK;Rathaus, Flur 5. Stock;023;;;N;0;0;0;0;517;0;517;0;0;2;515;186;104;82;24;50;20;20;7;6;3;1;12;5;512;161;82;90;37;54;15;36;5;2;2;2;1;4;1;0;1;19;
09179123;Germering;223;091791230024;BRIEFWAHLBEZIRK;Rathaus, Flur 4. Stock;024;;;N;0;0;0;0;572;0;572;0;0;1;571;209;93;125;18;33;19;32;9;8;2;3;20;0;572;178;69;132;26;37;17;66;5;4;2;1;2;10;1;0;1;21;
09179123;Germering;223;091791230025;BRIEFWAHLBEZIRK;Rathaus, Zimmer 403-405 Bauordnung 4. Stock;025;;;N;0;0;0;0;663;0;663;0;0;3;660;296;124;92;16;52;25;22;2;9;4;1;17;2;661;258;99;107;38;62;18;40;1;8;4;1;1;8;0;0;0;16;
09179123;Germering;223;091791230026;BRIEFWAHLBEZIRK;Zimmer 308-?, Bauamt;026;;;N;0;0;0;0;592;0;592;0;0;2;590;258;98;88;14;56;21;29;7;6;3;0;10;3;589;238;89;94;31;56;8;34;3;4;2;3;0;3;2;0;0;22;
09179123;Germering;223;091791230027;BRIEFWAHLBEZIRK;Rathaus, Flur 3. Stock;027;;;N;0;0;0;0;649;0;649;0;0;1;648;343;110;70;15;55;14;14;5;11;1;0;10;1;648;332;88;73;25;53;19;26;1;2;1;3;0;6;0;0;0;19;
09179123;Germering;223;091791230028;BRIEFWAHLBEZIRK;Rathaus, Flur 2. Stock);028;;;N;0;0;0;0;694;0;694;0;0;3;691;266;130;130;23;59;17;24;8;7;7;1;19;0;694;236;110;137;42;63;13;43;7;3;4;3;1;11;2;0;0;19;
09179123;Germering;223;091791230029;BRIEFWAHLBEZIRK;Stadtmuseum;029;;;N;0;0;0;0;554;0;554;0;0;1;553;244;99;90;18;47;14;16;3;9;2;1;10;0;554;223;92;88;23;54;19;23;1;5;3;2;1;6;1;0;0;13;
09179123;Germering;223;091791230030;BRIEFWAHLBEZIRK;Rathaus, Standortförderung im EG (Eingang beim Juwelier);030;;;N;0;0;0;0;608;0;608;0;0;1;607;275;117;91;13;47;17;18;3;10;4;2;10;0;608;254;108;97;25;48;14;26;2;7;1;3;1;7;0;0;1;14;
09179123;Germering;223;091791230031;BRIEFWAHLBEZIRK;Wittelsbacher Schule Klassenzimmer EG .09;031;;;N;0;0;0;0;787;0;787;0;0;3;784;361;120;148;24;51;26;16;1;9;7;0;21;1;786;337;96;178;32;55;24;26;0;5;3;2;1;10;1;1;0;15;
09179123;Germering;223;091791230032;BRIEFWAHLBEZIRK;Wittelsbacher Schule Klassenzimmer EG .07;032;;;N;0;0;0;0;814;0;814;0;0;0;814;391;117;121;22;76;28;17;6;10;5;1;20;0;814;363;98;136;32;88;18;33;4;8;3;6;1;8;1;0;0;15;
09179123;Germering;223;091791230033;BRIEFWAHLBEZIRK;Wittelsbacher Schule Klassenzimmer EG .06A;033;;;N;0;0;0;0;838;0;838;0;0;2;836;381;144;113;20;78;32;21;4;11;6;5;21;0;838;357;115;131;47;82;22;26;3;5;3;4;2;7;2;0;0;32;
09179123;Germering;223;091791230034;BRIEFWAHLBEZIRK;Wittelsbacher Schule Klassenzimmer EG .05;034;;;N;0;0;0;0;773;0;773;0;0;3;770;360;164;87;25;56;28;22;2;9;5;1;11;1;772;330;151;99;44;66;27;27;0;4;3;1;0;4;0;0;0;16;
09179123;Germering;223;091791230035;BRIEFWAHLBEZIRK;Wittelsbacher Schule Klassenzimmer EG .04;035;;;N;0;0;0;0;789;0;789;0;0;2;787;365;116;112;27;77;24;17;3;16;7;3;20;1;788;333;99;130;48;74;17;35;0;7;5;5;3;9;1;0;0;22;
09179123;Germering;223;091791230036;BRIEFWAHLBEZIRK;Wittelsbacher Schule Klassenzimmer EG .03;036;;;N;0;0;0;0;838;0;838;0;0;4;834;376;110;157;26;71;28;26;2;10;8;3;17;0;838;341;99;171;41;75;27;39;0;4;7;2;1;8;1;0;1;21;
09179123;Germering;223;091791230037;BRIEFWAHLBEZIRK;Wittelsbacher Schule Klassenzimmer 1.OG .09;037;;;N;0;0;0;0;777;0;777;0;0;2;775;327;134;149;25;50;24;24;4;12;6;2;18;3;774;298;108;171;41;58;20;27;5;5;4;8;2;8;0;0;0;19;
09179123;Germering;223;091791230038;BRIEFWAHLBEZIRK;Wittelsbacher Schule Klassenzimmer 1.OG .07;038;;;N;0;0;0;0;767;0;767;0;0;2;765;365;126;97;24;60;28;25;1;9;4;0;26;3;764;342;97;124;37;59;28;34;2;6;3;3;0;11;0;0;0;18;
