Landtagswahl 2022;
Amtliches Endergebnis;
Nr;Gebiet;gehört zu;Christlich Demokratische Union Deutschlands;;Sozialdemokratische Partei Deutschlands;;DIE LINKE;;Alternative für Deutschland;;BÜNDNIS 90/DIE GRÜNEN;;Freie Demokratische Partei;;Familien-Partei Deutschlands;;Piratenpartei Deutschland;;FREIE WÄHLER;;Basisdemokratische Partei Deutschland;;bunt.saar  sozial-ökologische liste;;Ökologisch-Demokratische Partei;;Partei der Humanisten;;Partei für Arbeit, Rechtsstaat, Tierschutz, Elitenförderung und basisdemokratische Initiative;;Partei für Gesundheitsforschung;;PARTEI MENSCH UMWELT TIERSCHUTZ;;SGV  Solidarität, Gerechtigkeit, Veränderung ;;Volt Deutschland;;Wahlberechtigte;;Wähler;;Ungültige Stimmen;;Gültige Stimmen;;Übrige;;
;;;Stimmen;;Stimmen;;Stimmen;;Stimmen;;Stimmen;;Stimmen;;Stimmen;;Stimmen;;Stimmen;;Stimmen;;Stimmen;;Stimmen;;Stimmen;;Stimmen;;Stimmen;;Stimmen;;Stimmen;;Stimmen;;Stimmen;;Stimmen;;Stimmen;;Stimmen;;Stimmen;;
;;;Endgültig;Vorperiode;Endgültig;Vorperiode;Endgültig;Vorperiode;Endgültig;Vorperiode;Endgültig;Vorperiode;Endgültig;Vorperiode;Endgültig;Vorperiode;Endgültig;Vorperiode;Endgültig;Vorperiode;Endgültig;Vorperiode;Endgültig;Vorperiode;Endgültig;Vorperiode;Endgültig;Vorperiode;Endgültig;Vorperiode;Endgültig;Vorperiode;Endgültig;Vorperiode;Endgültig;Vorperiode;Endgültig;Vorperiode;Endgültig;Vorperiode;Endgültig;Vorperiode;Endgültig;Vorperiode;Endgültig;Vorperiode;Endgültig;Vorperiode;
41100;Saarbrücken;1;15629;27200;28898;22919;2539;13953;3412;5019;6413;5975;4258;3751;513;559;;825;826;238;981;;1433;;;;153;;1117;;;;1414;;;;892;;121685;127531;69177;82753;699;916;68478;81837;;1398;
41511;Friedrichsthal;1;1061;1961;2146;1899;130;739;314;402;160;129;160;132;35;53;;33;83;29;26;;32;;;;5;;45;;;;93;;;;25;;8123;8441;4370;5513;55;72;4315;5441;;64;
41512;Großrosseln;1;1220;1785;1915;1591;92;616;239;329;90;135;122;97;24;31;;19;56;24;41;;38;;;;5;;36;;;;114;;;;21;;6302;6502;4092;4776;79;86;4013;4690;;63;
41513;Heusweiler;1;2652;4428;4176;3108;203;1328;473;626;344;387;686;756;111;83;;76;116;34;161;;118;;;;15;;114;;;;286;;;;50;;14595;14978;9619;11103;114;143;9505;10960;;134;
41514;Kleinblittersdorf;1;1805;2823;2426;1893;107;792;278;392;255;246;301;211;57;66;;49;94;19;73;;54;;;;9;;78;;;;151;;;;30;;8850;9269;5812;6663;94;87;5718;6576;;85;
41515;Püttlingen;1;3004;5639;4057;2640;205;1577;445;679;377;301;420;316;104;79;;77;158;28;123;;92;;;;6;;84;;;;238;;;;70;;14940;15560;9491;11635;108;132;9383;11503;;167;
41516;Quierschied;1;1902;3277;2798;2191;138;913;381;554;259;223;271;255;61;77;;47;219;56;56;;53;;;;15;;65;;;;164;;;;31;;10352;10795;6491;7781;78;100;6413;7681;;88;
41517;Riegelsberg;1;2059;3727;3375;2352;285;1265;298;435;389;377;419;348;50;55;;50;98;25;98;;77;;;;7;;61;;;;170;;;;50;;11511;11948;7494;8820;58;75;7436;8745;;111;
41518;Sulzbach/Saar;1;1738;2891;2837;2494;158;1247;478;659;243;207;294;227;63;101;;60;212;96;63;;47;;;;3;;55;;;;137;;;;40;;12102;12718;6445;8226;77;103;6368;8123;;141;
41519;Völklingen;1;3425;5791;6325;5664;391;2921;947;1232;442;475;617;489;144;152;;134;256;64;159;;126;;;;15;;152;;;;430;;;;59;;26548;27855;13713;17584;225;266;13488;17318;;396;
1;Wahlkreis Saarbrücken;10;34495;59522;58953;46751;4248;25351;7265;10327;8972;8455;7548;6582;1162;1256;;1370;2118;613;1781;;2070;;;;233;;1807;;;;3197;;;;1268;;235008;245597;136704;164854;1587;1980;135117;162874;;2647;
;
42111;Beckingen;2;2072;3414;3694;3175;311;1120;424;488;245;229;332;218;60;59;21;47;111;41;145;;58;;21;;;;78;;;;202;;;;36;;12007;12306;7917;9000;107;76;7810;8924;;133;
42112;Losheim am See;2;2340;3947;3778;2969;194;881;422;491;229;266;346;282;47;66;40;59;121;37;117;;101;;12;;;;73;;;;167;;;;41;;12642;12742;8132;9206;104;106;8028;9100;;102;
42113;Merzig;2;3704;6276;5768;4839;312;1941;769;941;560;535;694;517;116;81;56;105;216;78;213;;134;;28;;;;130;;;;366;;;;83;;22545;22987;13321;15697;172;192;13149;15505;;192;
42114;Mettlach;2;1739;2779;2279;1887;120;714;334;312;206;158;288;198;37;42;22;47;120;30;77;;40;;3;;;;47;;;;125;;;;31;;8545;8975;5534;6308;66;51;5468;6257;;90;
42115;Perl;2;1059;1642;1090;981;45;234;117;121;146;191;205;140;14;16;5;22;47;7;41;;16;;4;;;;20;;;;47;;;;9;;4317;4541;2911;3404;46;29;2865;3375;;21;
42116;Wadern;2;2359;4187;3845;3341;152;781;456;425;274;287;282;216;50;46;28;53;119;38;148;;87;;7;;;;53;;;;181;;;;24;;12580;12762;8178;9630;113;140;8065;9490;;116;
42117;Weiskirchen;2;880;1584;1477;1169;60;316;256;234;69;116;126;103;22;25;6;34;61;21;49;;43;;4;;;;10;;;;54;;;;9;;5060;5201;3168;3700;42;61;3126;3639;;37;
44111;Dillingen/Saar;2;2157;3653;3146;2723;193;1427;475;592;275;357;390;276;45;46;25;54;139;14;89;;62;;12;;;;68;;;;166;;;;30;;14010;14831;7385;9443;113;122;7272;9321;;179;
44112;Lebach;2;3018;5250;3782;2658;195;1134;494;617;320;354;491;408;84;119;54;87;140;36;219;;81;;19;;;;109;;;;199;;;;38;;14332;14858;9392;10975;149;144;9243;10831;;168;
44113;Nalbach;2;1351;2244;2161;1616;111;645;321;309;115;217;174;139;49;33;15;35;85;10;93;;47;;8;;;;40;;;;137;;;;15;;7214;7411;4789;5378;67;66;4722;5312;;64;
44114;Rehlingen-Siersburg;2;1964;3296;3907;3236;142;1000;390;450;301;298;333;239;47;62;24;54;106;32;118;;75;;5;;;;89;;;;192;;;;37;;11534;11723;7835;8870;105;103;7730;8767;;100;
44115;Saarlouis;2;4404;7453;6372;5160;308;2241;764;1015;913;880;758;660;91;97;87;148;211;53;225;;201;;43;;;;163;;;;416;;;;86;;26275;27139;15194;18099;152;194;15042;17905;;198;
44116;Saarwellingen;2;2033;3456;2908;2178;122;957;360;422;238;289;270;246;42;53;26;40;157;39;111;;60;;5;;;;59;;;;171;;;;22;;10486;10798;6673;7842;89;84;6584;7758;;78;
44117;Schmelz;2;2182;3832;3705;2780;183;1106;444;522;226;304;318;244;65;71;40;77;116;47;167;;40;;8;;;;85;;;;202;;;;21;;12496;12888;7913;9244;111;134;7802;9110;;127;
44118;Schwalbach;2;2556;4437;4016;2729;189;1512;542;645;296;338;387;286;91;79;41;81;251;99;180;;72;;17;;;;100;;;;280;;;;53;;13983;14272;9194;10437;123;112;9071;10325;;119;
44119;Überherrn;2;1588;2687;2207;1982;123;907;343;410;263;202;255;183;67;32;25;56;84;20;112;;206;;29;;;;73;;;;216;;;;22;;9275;9382;5700;6658;87;97;5613;6561;;82;
44120;Wadgassen;2;2053;3878;3580;2870;166;1377;439;658;372;327;391;380;82;79;22;57;115;39;154;;320;;49;;;;92;;;;231;;;;36;;13635;14205;8180;9888;78;108;8102;9780;;115;
44121;Wallerfangen;2;1223;2079;2009;1511;94;828;295;361;179;195;211;200;32;27;20;45;142;33;69;;46;;9;;;;47;;;;116;;;;18;;7226;7461;4570;5457;60;118;4510;5339;;60;
44122;Bous;2;787;1373;1392;1051;98;536;168;208;152;167;117;90;21;24;11;31;58;24;47;;24;;7;;;;39;;;;98;;;;18;;5107;5292;3088;3606;51;56;3037;3550;;46;
44123;Ensdorf;2;851;1365;1146;952;59;487;163;183;106;145;129;92;30;24;15;18;65;18;44;;33;;7;;;;32;;;;102;;;;21;;4757;4844;2851;3360;48;33;2803;3327;;43;
2;Wahlkreis Saarlouis;10;40320;68832;62262;49807;3177;20144;7976;9404;5485;5855;6497;5117;1092;1081;583;1150;2464;716;2418;;1746;;297;;;;1407;;;;3668;;;;650;;228026;234618;141925;166202;1883;2026;140042;164176;;2070;
;
43111;Eppelborn;3;3104;4955;3733;2710;182;1049;426;608;297;303;392;295;66;80;40;67;118;35;98;;179;;12;;;;94;;24;;187;;13;;35;;13760;14312;9115;10383;115;124;9000;10259;;157;
43112;Illingen;3;2384;4590;3747;2965;160;1128;431;573;356;291;328;272;75;90;29;69;120;25;124;;594;;30;;;;70;;16;;169;;16;;27;;13301;13935;8806;10260;130;124;8676;10136;;133;
43113;Merchweiler;3;1355;2349;2317;1927;136;694;299;398;195;144;217;111;40;54;17;44;93;12;83;;169;;13;;;;39;;17;;87;;17;;22;;8158;8388;5202;5897;86;78;5116;5819;;86;
43114;Neunkirchen;3;4402;6512;7667;7377;549;2771;1240;1528;591;576;639;557;135;161;60;187;282;46;167;;149;;20;;;;133;;25;;315;;32;;61;;32331;34358;16671;20439;204;279;16467;20160;;445;
43115;Ottweiler;3;1806;3028;3368;2680;176;1179;468;517;278;319;307;218;54;66;32;66;117;35;115;;89;;10;;;;54;;17;;171;;13;;32;;11455;11818;7207;8380;100;101;7107;8279;;171;
43116;Schiffweiler;3;1847;3095;3688;3173;209;1227;451;581;275;283;281;222;71;81;44;79;110;30;153;;207;;9;;;;73;;16;;179;;29;;50;;12725;13078;7799;9041;107;126;7692;8915;;144;
43117;Spiesen-Elversberg;3;1595;2690;2635;2349;183;904;395;505;174;208;249;204;43;71;23;50;90;23;45;;61;;4;;;;47;;15;;123;;8;;25;;10307;10895;5774;7163;59;68;5715;7095;;91;
45111;Bexbach;3;2815;3801;3336;3183;248;1296;581;754;311;277;338;276;95;138;35;83;119;39;84;;65;;9;;;;64;;22;;252;;17;;26;;14121;14543;8505;10124;88;122;8417;10002;;155;
45112;Blieskastel;3;3509;5423;4291;3726;303;1415;834;1042;836;633;473;384;117;170;47;101;202;75;140;;73;;17;;;;90;;27;;212;;28;;35;;16683;17527;11377;13306;143;164;11234;13142;;173;
45113;Gersheim;3;1128;1746;1415;1049;72;477;253;301;215;183;101;113;41;64;15;17;79;26;60;;31;;6;;;;32;;3;;85;;9;;9;;5167;5302;3601;4078;47;54;3554;4024;;48;
45114;Homburg;3;5265;8122;6250;5616;532;2293;1103;1776;1066;1037;922;768;119;205;73;141;280;89;171;;115;;31;;;;133;;36;;364;;31;;76;;30034;31392;16701;20587;134;263;16567;20324;;277;
45115;Kirkel;3;1469;2257;2478;2135;132;616;251;340;416;318;337;232;47;66;21;37;69;21;71;;39;;16;;;;54;;8;;95;;6;;28;;8107;8181;5596;6165;59;55;5537;6110;;88;
45116;Mandelbachtal;3;2249;3300;2400;1872;136;733;341;397;358;299;301;250;79;105;26;48;195;50;92;;61;;20;;;;82;;16;;141;;21;;26;;8913;9136;6617;7215;73;83;6544;7132;;78;
45117;St. Ingbert;3;5061;8759;7200;5560;326;2386;1003;1341;1006;896;881;733;295;363;77;126;263;73;227;;175;;41;;;;180;;29;;308;;45;;103;;27646;28820;17418;20706;198;230;17220;20476;;239;
46111;Freisen;3;1431;2311;1917;1614;94;386;221;248;90;88;99;68;28;38;11;20;223;63;52;;19;;1;;;;18;;8;;58;;16;;10;;6387;6640;4363;4967;67;66;4296;4901;;65;
46112;Marpingen;3;1893;3406;2843;2073;100;621;259;270;227;164;202;112;35;41;29;42;64;13;63;;68;;5;;;;40;;15;;84;;12;;17;;8364;8710;6045;6846;89;62;5956;6784;;42;
46113;Namborn;3;1133;2131;1627;1088;75;540;257;247;114;94;143;75;28;30;18;29;121;23;49;;33;;4;;;;14;;7;;77;;15;;12;;5748;5954;3779;4354;52;44;3727;4310;;53;
46114;Nohfelden;3;1799;2840;2446;2031;87;559;274;263;156;135;193;117;34;51;25;41;90;24;70;;52;;5;;;;51;;10;;100;;22;;18;;7999;8209;5516;6194;84;64;5432;6130;;69;
46115;Nonnweiler;3;1669;2361;2082;1773;84;402;243;289;102;112;174;137;17;38;13;30;64;29;55;;30;;8;;;;29;;9;;53;;9;;21;;6937;7097;4713;5262;51;53;4662;5209;;38;
46116;Oberthal;3;1115;2048;1601;1115;63;302;165;179;99;80;108;44;28;41;9;18;49;22;53;;28;;10;;;;20;;10;;54;;9;;13;;4845;4940;3495;3935;61;52;3434;3883;;34;
46117;St. Wendel;3;4647;8739;5445;3593;280;1463;695;766;730;446;614;349;76;78;61;117;229;45;180;;104;;30;;;;109;;32;;293;;29;;54;;20439;21362;13806;15939;198;173;13608;15766;;170;
46118;Tholey;3;2663;4446;3100;1890;137;630;288;317;249;196;274;183;59;67;30;47;77;19;97;;59;;15;;;;76;;6;;119;;15;;27;;9846;10139;7378;7993;87;116;7291;7877;;82;
3;Wahlkreis Neunkirchen;10;54339;88909;75586;61499;4264;23071;10478;13240;8141;7082;7573;5720;1582;2098;735;1459;3054;817;2249;;2400;;316;;;;1502;;368;;3526;;412;;727;;283273;294736;179484;209234;2232;2501;177252;206733;;2838;
;
10;Saarland;;129154;217263;196801;158057;11689;68566;25719;32971;22598;21392;21618;17419;3836;4435;1318;3979;7636;2146;6448;;6216;;613;;233;;4716;;368;;10391;;412;;2645;;746307;774951;458113;540290;5702;6507;452411;533783;;7555;
