"Ergebnisart";"Datum";"Satzart";"Schlüsselnummer";"Name";"Wahllokal";"A.Wahlberechtigte";"B.Wähler";"E.Ungültige.Zweitstimmen";"F.Gültige.Zweitstimmen";"F01.CDU";"F02.AfD";"F03.Die Linke";"F04.SPD";"F05.FDP";"F06.GRÜNE";"F07.FREIE WÄHLER";"F08.dieBasis";"F09.Tierschutzpartei";"F10.Gartenpartei";"F11.Die PARTEI";"F12.TIERSCHUTZALLIANZ";"F15.BSW";"F19.PdF";"F20.Volt";"C.Ungültige.Erststimmen";"D.Gültige.Erststimmen";"D01.CDU";"D02.AfD";"D03.Die Linke";"D04.SPD";"D05.FDP";"D06.GRÜNE";"D07.FREIE WÄHLER";"D09.Tierschutzpartei";"D10.Gartenpartei";"D11.Die PARTEI";"D12.TIERSCHUTZALLIANZ";"D13.HEIMAT";"D15.BSW";"D19.PdF";"D20.Volt";"D21.EB";"Gewählt.im.Wahlkreis"
"E";"06.09.2026";"LAN";"15";"Sachsen-Anhalt";"U";1706852;964462;10915;953547;138713;488190;72647;73345;21965;70945;10481;1431;10466;5065;2475;5275;47761;1785;3003;12284;952178;195008;494888;99854;64167;26879;26715;9681;813;1683;581;573;232;27124;1712;431;1837;""
"E";"06.09.2026";"LAN";"15";"Sachsen-Anhalt";"B";;363529;1794;361735;87892;87781;39911;48951;12021;46549;4910;466;3888;2414;1012;2021;21594;988;1337;2994;360535;119492;87011;58161;38615;14241;18606;4784;316;1254;197;426;94;14682;968;338;1350;""
"E";"06.09.2026";"LAN";"15";"Sachsen-Anhalt";"";1706852;1327991;12709;1315282;226605;575971;112558;122296;33986;117494;15391;1897;14354;7479;3487;7296;69355;2773;4340;15278;1312713;314500;581899;158015;102782;41120;45321;14465;1129;2937;778;999;326;41806;2680;769;3187;""
"E";"06.09.2026";"KRS";"15001";"Dessau-Roßlau, Stadt";"U";61152;34306;389;33917;5219;15431;2647;2969;959;3146;305;35;418;164;91;200;2163;42;128;497;33809;8316;16324;3498;2560;1414;1174;367;;;;;156;;;;;""
"E";"06.09.2026";"KRS";"15001";"Dessau-Roßlau, Stadt";"B";;12766;62;12704;3336;2706;1305;1740;494;1791;151;17;148;66;29;60;801;21;39;151;12615;5093;2804;1665;1305;759;776;153;;;;;60;;;;;""
"E";"06.09.2026";"KRS";"15001";"Dessau-Roßlau, Stadt";"";61152;47072;451;46621;8555;18137;3952;4709;1453;4937;456;52;566;230;120;260;2964;63;167;648;46424;13409;19128;5163;3865;2173;1950;520;;;;;216;;;;;""
"E";"06.09.2026";"KRS";"15002";"Halle (Saale), Stadt";"U";174904;89267;940;88327;10780;32958;9215;9479;2355;15835;651;135;945;336;285;453;4426;141;333;1055;88212;15345;33412;19160;7774;2658;5547;385;;;;;;3724;;;207;""
"E";"06.09.2026";"KRS";"15002";"Halle (Saale), Stadt";"B";;45273;177;45096;7830;6877;6048;7362;1476;11722;390;69;373;221;145;168;2154;92;169;264;45009;10513;6723;14293;5373;1736;3837;271;;;;;;2144;;;119;""
"E";"06.09.2026";"KRS";"15002";"Halle (Saale), Stadt";"";174904;134540;1117;133423;18610;39835;15263;16841;3831;27557;1041;204;1318;557;430;621;6580;233;502;1319;133221;25858;40135;33453;13147;4394;9384;656;;;;;;5868;;;326;""
"E";"06.09.2026";"KRS";"15003";"Magdeburg, Landeshauptstadt";"U";176179;87741;838;86903;10921;36039;8587;8554;2170;12349;442;129;795;1211;254;693;4228;125;406;829;86912;18823;36537;13848;6180;2066;3313;;;1683;;573;;3636;;253;;""
"E";"06.09.2026";"KRS";"15003";"Magdeburg, Landeshauptstadt";"B";;51823;210;51613;10296;9119;6726;8175;1846;10019;328;62;453;710;165;438;2877;108;291;277;51546;16775;8940;10915;5366;1845;3172;;;1254;;426;;2598;;255;;""
"E";"06.09.2026";"KRS";"15003";"Magdeburg, Landeshauptstadt";"";176179;139564;1048;138516;21217;45158;15313;16729;4016;22368;770;191;1248;1921;419;1131;7105;233;697;1106;138458;35598;45477;24763;11546;3911;6485;;;2937;;999;;6234;;508;;""
"E";"06.09.2026";"KRS";"15081";"Altmarkkreis Salzwedel";"U";64926;39672;467;39205;6086;18569;3643;3667;1020;2646;379;119;371;176;152;190;2016;66;105;480;39192;9041;18410;4547;2783;1091;886;;;;484;;;1950;;;;""
"E";"06.09.2026";"KRS";"15081";"Altmarkkreis Salzwedel";"B";;11348;49;11299;2772;2638;1405;1662;410;1204;109;22;78;60;66;42;763;27;41;71;11277;4042;2514;1891;1116;411;383;;;;173;;;747;;;;""
"E";"06.09.2026";"KRS";"15081";"Altmarkkreis Salzwedel";"";64926;51020;516;50504;8858;21207;5048;5329;1430;3850;488;141;449;236;218;232;2779;93;146;551;50469;13083;20924;6438;3899;1502;1269;;;;657;;;2697;;;;""
"E";"06.09.2026";"KRS";"15082";"Anhalt-Bitterfeld";"U";125087;73239;892;72347;10735;40365;5064;4326;1800;3440;1009;77;833;310;164;425;3468;102;229;1047;72192;14435;41368;6036;4093;2227;1723;1236;;;;;;1074;;;;""
"E";"06.09.2026";"KRS";"15082";"Anhalt-Bitterfeld";"B";;24247;152;24095;6354;7060;2482;2699;771;1992;480;19;324;146;66;121;1461;52;68;271;23976;8283;7189;3101;2219;930;1058;696;;;;;;500;;;;""
"E";"06.09.2026";"KRS";"15082";"Anhalt-Bitterfeld";"";125087;97486;1044;96442;17089;47425;7546;7025;2571;5432;1489;96;1157;456;230;546;4929;154;297;1318;96168;22718;48557;9137;6312;3157;2781;1932;;;;;;1574;;;;""
"E";"06.09.2026";"KRS";"15083";"Börde";"U";136308;81047;903;80144;12239;42515;5559;6140;1731;4448;830;77;874;515;241;446;4193;123;213;1000;80047;18144;42540;6244;5156;1988;1689;;;;97;;;3860;;;329;""
"E";"06.09.2026";"KRS";"15083";"Börde";"B";;28014;153;27861;7110;7609;2698;3694;974;2655;395;29;334;199;68;144;1806;54;92;210;27804;10180;7268;2938;2751;1100;1212;;;;24;;;2051;;;280;""
"E";"06.09.2026";"KRS";"15083";"Börde";"";136308;109061;1056;108005;19349;50124;8257;9834;2705;7103;1225;106;1208;714;309;590;5999;177;305;1210;107851;28324;49808;9182;7907;3088;2901;;;;121;;;5911;;;609;""
"E";"06.09.2026";"KRS";"15084";"Burgenlandkreis";"U";137435;79836;864;78972;11439;45567;5490;4432;1698;3558;957;144;1039;335;170;361;3392;146;244;1020;78816;15742;45976;6408;4129;2175;1532;878;813;;;;;752;74;178;159;""
"E";"06.09.2026";"KRS";"15084";"Burgenlandkreis";"B";;25645;128;25517;6649;7765;2609;2839;807;1978;431;48;371;142;62;132;1493;75;116;259;25386;8883;7736;3037;2373;995;948;437;316;;;;;423;29;83;126;""
"E";"06.09.2026";"KRS";"15084";"Burgenlandkreis";"";137435;105481;992;104489;18088;53332;8099;7271;2505;5536;1388;192;1410;477;232;493;4885;221;360;1279;104202;24625;53712;9445;6502;3170;2480;1315;1129;;;;;1175;103;261;285;""
"E";"06.09.2026";"KRS";"15085";"Harz";"U";169848;95128;1159;93969;13791;47765;6609;8660;1705;6308;1483;187;977;378;279;527;4935;136;229;1239;93889;17463;47300;7900;9507;1701;2850;2803;;;;;;4105;16;;244;""
"E";"06.09.2026";"KRS";"15085";"Harz";"B";;36374;196;36178;9271;8541;3619;5716;987;3801;701;44;454;178;112;234;2363;58;99;268;36106;10952;8212;4309;6082;852;2095;1217;;;;;;2221;16;;150;""
"E";"06.09.2026";"KRS";"15085";"Harz";"";169848;131502;1355;130147;23062;56306;10228;14376;2692;10109;2184;231;1431;556;391;761;7298;194;328;1507;129995;28415;55512;12209;15589;2553;4945;4020;;;;;;6326;32;;394;""
"E";"06.09.2026";"KRS";"15086";"Jerichower Land";"U";72226;41962;560;41402;6346;21249;3031;3157;963;2543;764;36;477;196;100;196;2102;84;158;631;41331;8425;21116;3521;2800;1088;1105;1209;;;;;;1264;;;803;""
"E";"06.09.2026";"KRS";"15086";"Jerichower Land";"B";;15720;98;15622;3880;4119;1513;2081;482;1619;381;24;174;108;40;93;1006;33;69;168;15552;4733;3893;1803;1779;507;784;744;;;;;;696;;;613;""
"E";"06.09.2026";"KRS";"15086";"Jerichower Land";"";72226;57682;658;57024;10226;25368;4544;5238;1445;4162;1145;60;651;304;140;289;3108;117;227;799;56883;13158;25009;5324;4579;1595;1889;1953;;;;;;1960;;;1416;""
"E";"06.09.2026";"KRS";"15087";"Mansfeld-Südharz";"U";106632;61808;731;61077;9033;35546;4101;3661;1276;2077;460;81;621;251;134;297;3041;355;143;888;60920;11708;36737;5401;3027;1828;1008;;;;;;;191;1020;;;""
"E";"06.09.2026";"KRS";"15087";"Mansfeld-Südharz";"B";;18883;116;18767;4961;5855;1982;2125;570;1174;181;15;179;103;46;98;1212;204;62;206;18677;6306;6094;2637;1507;802;676;;;;;;;89;566;;;""
"E";"06.09.2026";"KRS";"15087";"Mansfeld-Südharz";"";106632;80691;847;79844;13994;41401;6083;5786;1846;3251;641;96;800;354;180;395;4253;559;205;1094;79597;18014;42831;8038;4534;2630;1684;;;;;;;280;1586;;;""
"E";"06.09.2026";"KRS";"15088";"Saalekreis";"U";147318;83298;838;82460;12290;47061;4778;5008;1892;4380;722;123;891;306;179;443;4007;163;217;1036;82262;17047;48466;6285;4244;2973;1644;;;;;;;1157;446;;;""
"E";"06.09.2026";"KRS";"15088";"Saalekreis";"B";;31550;140;31410;9034;9094;2827;3454;1106;2877;296;32;322;135;88;158;1779;126;82;303;31247;11906;9288;3772;2600;1752;1054;;;;;;;583;292;;;""
"E";"06.09.2026";"KRS";"15088";"Saalekreis";"";147318;114848;978;113870;21324;56155;7605;8462;2998;7257;1018;155;1213;441;267;601;5786;289;299;1339;113509;28953;57754;10057;6844;4725;2698;;;;;;;1740;738;;;""
"E";"06.09.2026";"KRS";"15089";"Salzlandkreis";"U";148373;87311;1040;86271;12486;48321;6064;5363;2120;3912;655;121;1120;420;170;553;4536;146;284;1173;86138;16818;49038;7190;5012;3114;1559;;;;;;;3251;156;;;""
"E";"06.09.2026";"KRS";"15089";"Salzlandkreis";"B";;25404;126;25278;6489;7137;2677;3051;975;2104;251;30;308;158;46;143;1742;69;98;212;25192;8485;7009;3049;2556;1489;881;;;;;;;1658;65;;;""
"E";"06.09.2026";"KRS";"15089";"Salzlandkreis";"";148373;112715;1166;111549;18975;55458;8741;8414;3095;6016;906;151;1428;578;216;696;6278;215;382;1385;111330;25303;56047;10239;7568;4603;2440;;;;;;;4909;221;;;""
"E";"06.09.2026";"KRS";"15090";"Stendal";"U";87270;52357;646;51711;7470;26796;3936;4300;1177;3226;599;90;498;235;109;209;2830;68;168;689;51668;10624;27072;4978;3809;1436;1494;;;;;;;2160;;;95;""
"E";"06.09.2026";"KRS";"15090";"Stendal";"B";;15893;65;15828;4096;3824;1879;2118;561;1695;170;23;146;77;32;65;1060;34;48;113;15780;5530;3765;2234;1782;570;865;;;;;;;972;;;62;""
"E";"06.09.2026";"KRS";"15090";"Stendal";"";87270;68250;711;67539;11566;30620;5815;6418;1738;4921;769;113;644;312;141;274;3890;102;216;802;67448;16154;30837;7212;5591;2006;2359;;;;;;;3132;;;157;""
"E";"06.09.2026";"KRS";"15091";"Wittenberg";"U";99194;57490;648;56842;9878;30008;3923;3629;1099;3077;1225;77;607;232;147;282;2424;88;146;700;56790;13077;30592;4838;3093;1120;1191;2803;;;;;76;;;;;""
"E";"06.09.2026";"KRS";"15091";"Wittenberg";"B";;20589;122;20467;5814;5437;2141;2235;562;1918;646;32;224;111;47;125;1077;35;63;221;20368;7811;5576;2517;1806;493;865;1266;;;;;34;;;;;""
"E";"06.09.2026";"KRS";"15091";"Wittenberg";"";99194;78079;770;77309;15692;35445;6064;5864;1661;4995;1871;109;831;343;194;407;3501;123;209;921;77158;20888;36168;7355;4899;1613;2056;4069;;;;;110;;;;;""
"E";"06.09.2026";"WKR";"001";"Salzwedel";"U";33541;20100;240;19860;3037;9427;1978;1752;497;1414;196;90;174;71;67;79;1005;29;44;257;19843;4581;9356;2417;1373;487;482;;;;211;;;936;;;;
"E";"06.09.2026";"WKR";"001";"Salzwedel";"B";;6117;28;6089;1423;1480;788;867;195;670;66;16;41;29;37;23;422;13;19;37;6080;2093;1422;1040;614;210;216;;;;94;;;391;;;;
"E";"06.09.2026";"WKR";"001";"Salzwedel";"";33541;26217;268;25949;4460;10907;2766;2619;692;2084;262;106;215;100;104;102;1427;42;63;294;25923;6674;10778;3457;1987;697;698;;;;305;;;1327;;;;"Lansmann, Simon (AfD)"
"E";"06.09.2026";"WKR";"002";"Gardelegen-Klötze";"U";42190;26409;311;26098;4274;12262;2169;2586;665;1658;258;32;269;132;136;156;1373;50;78;309;26100;6106;12179;2708;2027;775;569;;;;370;;;1366;;;;
"E";"06.09.2026";"WKR";"002";"Gardelegen-Klötze";"B";;6943;27;6916;1785;1601;771;1042;276;727;63;13;56;36;42;30;435;15;24;44;6899;2551;1531;1061;693;259;244;;;;103;;;457;;;;
"E";"06.09.2026";"WKR";"002";"Gardelegen-Klötze";"";42190;33352;338;33014;6059;13863;2940;3628;941;2385;321;45;325;168;178;186;1808;65;102;353;32999;8657;13710;3769;2720;1034;813;;;;473;;;1823;;;;"Koch, Sebastian (AfD)"
"E";"06.09.2026";"WKR";"003";"Havelberg-Osterburg";"U";34409;21234;272;20962;3044;11037;1589;1760;462;1176;323;47;165;91;38;62;1084;29;55;282;20952;4199;11052;2269;1419;524;602;;;;;;;887;;;;
"E";"06.09.2026";"WKR";"003";"Havelberg-Osterburg";"B";;6067;18;6049;1576;1555;747;792;198;582;58;10;47;27;11;19;406;9;12;37;6030;2076;1503;1025;540;189;318;;;;;;;379;;;;
"E";"06.09.2026";"WKR";"003";"Havelberg-Osterburg";"";34409;27301;290;27011;4620;12592;2336;2552;660;1758;381;57;212;118;49;81;1490;38;67;319;26982;6275;12555;3294;1959;713;920;;;;;;;1266;;;;"Killinger, Sebastian (AfD)"
"E";"06.09.2026";"WKR";"004";"Stendal";"U";35900;20652;267;20385;2925;10028;1691;1748;478;1471;189;33;224;95;50;96;1260;28;69;294;20358;4307;10110;1983;1634;671;703;;;;;;;950;;;;
"E";"06.09.2026";"WKR";"004";"Stendal";"B";;6664;31;6633;1689;1428;807;921;268;792;74;9;67;31;15;34;465;12;21;55;6609;2352;1365;869;846;308;436;;;;;;;433;;;;
"E";"06.09.2026";"WKR";"004";"Stendal";"";35900;27316;298;27018;4614;11456;2498;2669;746;2263;263;42;291;126;65;130;1725;40;90;349;26967;6659;11475;2852;2480;979;1139;;;;;;;1383;;;;"Büttner, Matthias (AfD)"
"E";"06.09.2026";"WKR";"005";"Genthin";"U";38787;23451;300;23151;3486;12411;1623;1793;482;1229;260;15;263;107;52;110;1184;40;96;311;23140;4840;12878;1794;1590;498;456;;;;;;;798;;;286;
"E";"06.09.2026";"WKR";"005";"Genthin";"B";;7327;34;7293;1870;1897;808;974;201;713;86;10;82;51;15;36;492;21;37;52;7275;2466;2011;865;862;180;291;;;;;;;407;;;193;
"E";"06.09.2026";"WKR";"005";"Genthin";"";38787;30778;334;30444;5356;14308;2431;2767;683;1942;346;25;345;158;67;146;1676;61;133;363;30415;7306;14889;2659;2452;678;747;;;;;;;1205;;;479;"Siegmund, Ulrich (AfD)"
"E";"06.09.2026";"WKR";"006";"Burg";"U";41945;23925;313;23612;3534;12159;1732;1736;548;1556;505;25;272;102;57;118;1133;47;88;332;23593;4414;11772;1994;1582;526;695;1209;;;;;;789;;;612;
"E";"06.09.2026";"WKR";"006";"Burg";"B";;9620;68;9552;2344;2549;861;1245;320;1021;293;15;108;64;26;61;581;21;43;75;9545;2599;2341;1034;1100;303;493;744;;;;;;449;;;482;
"E";"06.09.2026";"WKR";"006";"Burg";"";41945;33545;381;33164;5878;14708;2593;2981;868;2577;798;40;380;166;83;179;1714;68;131;407;33138;7013;14113;3028;2682;829;1188;1953;;;;;;1238;;;1094;"Scharfenort, Jan (AfD)"
"E";"06.09.2026";"WKR";"007";"Haldensleben";"U";41689;25302;278;25024;4037;12919;1802;2018;507;1327;265;27;300;154;73;138;1371;32;54;312;24990;6563;12814;1748;1667;554;455;;;;;;;1189;;;;
"E";"06.09.2026";"WKR";"007";"Haldensleben";"B";;7499;44;7455;1973;2005;742;1020;217;657;78;7;97;53;19;38;510;14;25;65;7434;3035;1904;627;874;200;256;;;;;;;538;;;;
"E";"06.09.2026";"WKR";"007";"Haldensleben";"";41689;32801;322;32479;6010;14924;2544;3038;724;1984;343;34;397;207;92;176;1881;46;79;377;32424;9598;14718;2375;2541;754;711;;;;;;;1727;;;;"Lassowski, Dirk (AfD)"
"E";"06.09.2026";"WKR";"008";"Wolmirstedt";"U";43072;24969;274;24695;3461;13277;1672;1786;564;1611;233;20;260;161;59;130;1310;48;103;271;24698;5191;13289;1998;1510;702;519;;;;;;;1160;;;329;
"E";"06.09.2026";"WKR";"008";"Wolmirstedt";"B";;10701;48;10653;2615;2837;1032;1400;433;1147;135;9;131;75;16;60;693;18;52;53;10648;3669;2720;1180;1064;586;443;;;;;;;706;;;280;
"E";"06.09.2026";"WKR";"008";"Wolmirstedt";"";43072;35670;322;35348;6076;16114;2704;3186;997;2758;368;29;391;236;75;190;2003;66;155;324;35346;8860;16009;3178;2574;1288;962;;;;;;;1866;;;609;"Zietmann, Felix (AfD)"
"E";"06.09.2026";"WKR";"009";"Oschersleben-Wanzleben";"U";40742;23939;267;23672;3516;13199;1581;1665;518;1084;257;27;242;173;58;133;1150;30;39;331;23608;4744;13312;1920;1362;561;550;;;;;;;1159;;;;
"E";"06.09.2026";"WKR";"009";"Oschersleben-Wanzleben";"B";;8102;55;8047;2086;2324;770;1027;263;658;162;6;87;66;20;35;509;21;13;82;8020;2874;2205;921;622;256;436;;;;;;;706;;;;
"E";"06.09.2026";"WKR";"009";"Oschersleben-Wanzleben";"";40742;32041;322;31719;5602;15523;2351;2692;781;1742;419;33;329;239;78;168;1659;51;52;413;31628;7618;15517;2841;1984;817;986;;;;;;;1865;;;;"Schmirander, Thomas (AfD)"
"E";"06.09.2026";"WKR";"010";"Magdeburg I";"U";38357;19142;240;18902;2209;9074;1732;1667;414;1960;95;24;152;333;46;199;884;36;77;234;18908;3580;9231;2275;1373;520;537;;;389;;273;;730;;;;
"E";"06.09.2026";"WKR";"010";"Magdeburg I";"B";;9476;40;9436;1804;1933;1288;1438;302;1488;55;17;74;193;38;130;612;26;38;34;9442;2927;1932;1591;1121;409;449;;;273;;199;;541;;;;
"E";"06.09.2026";"WKR";"010";"Magdeburg I";"";38357;28618;280;28338;4013;11007;3020;3105;716;3448;150;41;226;526;84;329;1496;62;115;268;28350;6507;11163;3866;2494;929;986;;;662;;472;;1271;;;;"Kirchner, Oliver (AfD)"
"E";"06.09.2026";"WKR";"011";"Magdeburg II";"U";47398;22945;183;22762;2869;7110;2655;2607;647;4790;120;38;143;207;71;212;1123;36;134;181;22764;4090;7130;6146;1957;505;1147;;;226;;300;;1010;;253;;
"E";"06.09.2026";"WKR";"011";"Magdeburg II";"B";;16229;54;16175;3052;2067;2239;2734;572;4094;100;16;87;138;50;144;754;20;108;81;16148;3900;1990;5284;1964;480;1178;;;216;;227;;654;;255;;
"E";"06.09.2026";"WKR";"011";"Magdeburg II";"";47398;39174;237;38937;5921;9177;4894;5341;1219;8884;220;54;230;345;121;356;1877;56;242;262;38912;7990;9120;11430;3921;985;2325;;;442;;527;;1664;;508;;"Groener, Mustafa (Die Linke)"
"E";"06.09.2026";"WKR";"012";"Magdeburg III";"U";42943;21531;178;21353;2770;9348;2001;2056;533;2588;111;40;241;310;63;132;1039;27;94;171;21360;5633;9444;2620;1184;461;639;;;456;;;;923;;;;
"E";"06.09.2026";"WKR";"012";"Magdeburg III";"B";;12022;63;11959;2547;2300;1447;1878;449;2012;92;11;155;170;31;73;699;28;67;79;11943;4916;2267;1972;891;385;550;;;320;;;;642;;;;
"E";"06.09.2026";"WKR";"012";"Magdeburg III";"";42943;33553;241;33312;5317;11648;3448;3934;982;4600;203;51;396;480;94;205;1738;55;161;250;33303;10549;11711;4592;2075;846;1189;;;776;;;;1565;;;;"Mertens, Christian (AfD)"
"E";"06.09.2026";"WKR";"013";"Magdeburg IV";"U";47481;24123;237;23886;3073;10507;2199;2224;576;3011;116;27;259;361;74;150;1182;26;101;243;23880;5520;10732;2807;1666;580;990;;;612;;;;973;;;;
"E";"06.09.2026";"WKR";"013";"Magdeburg IV";"B";;14096;53;14043;2893;2819;1752;2125;523;2425;81;18;137;209;46;91;812;34;78;83;14013;5032;2751;2068;1390;571;995;;;445;;;;761;;;;
"E";"06.09.2026";"WKR";"013";"Magdeburg IV";"";47481;38219;290;37929;5966;13326;3951;4349;1099;5436;197;45;396;570;120;241;1994;60;179;326;37893;10552;13483;4875;3056;1151;1985;;;1057;;;;1734;;;;"Kumpf, Ronny (AfD)"
"E";"06.09.2026";"WKR";"014";"Halberstadt";"U";38748;20699;256;20443;2847;10716;1661;1624;318;1222;370;27;187;95;30;115;1164;29;38;251;20448;3862;10771;1976;1380;260;643;670;;;;;;886;;;;
"E";"06.09.2026";"WKR";"014";"Halberstadt";"B";;8163;38;8125;2234;1971;868;1093;192;802;146;11;89;42;19;43;577;10;28;54;8109;2821;1947;1084;772;154;530;288;;;;;;513;;;;
"E";"06.09.2026";"WKR";"014";"Halberstadt";"";38748;28862;294;28568;5081;12687;2529;2717;510;2024;516;38;276;137;49;158;1741;39;66;305;28557;6683;12718;3060;2152;414;1173;958;;;;;;1399;;;;"Hecht, Christian Ulrich (AfD)"
"E";"06.09.2026";"WKR";"015";"Blankenburg";"U";39040;23675;274;23401;3505;11435;1523;2503;423;1590;411;54;272;97;96;149;1228;37;78;308;23367;4280;11296;1992;2795;498;613;879;;;;;;1014;;;;
"E";"06.09.2026";"WKR";"015";"Blankenburg";"B";;7480;38;7442;1800;1792;747;1366;172;715;175;5;100;29;18;45;453;8;17;58;7422;2050;1697;1009;1404;196;342;295;;;;;;429;;;;
"E";"06.09.2026";"WKR";"015";"Blankenburg";"";39040;31155;312;30843;5305;13227;2270;3869;595;2305;586;59;372;126;114;194;1681;45;95;366;30789;6330;12993;3001;4199;694;955;1174;;;;;;1443;;;;"Friese, Armin (AfD)"
"E";"06.09.2026";"WKR";"016";"Wernigerode";"U";40095;22104;245;21859;3393;10249;1537;2574;399;1645;304;30;221;82;55;114;1175;24;57;261;21843;4167;9915;1586;3720;353;453;662;;;;;;987;;;;
"E";"06.09.2026";"WKR";"016";"Wernigerode";"B";;9091;40;9051;2190;1949;839;1759;258;1012;169;12;117;47;28;57;567;17;30;56;9035;2465;1802;839;2611;182;308;285;;;;;;543;;;;
"E";"06.09.2026";"WKR";"016";"Wernigerode";"";40095;31195;285;30910;5583;12198;2376;4333;657;2657;473;42;338;129;83;171;1742;41;87;317;30878;6632;11717;2425;6331;535;761;947;;;;;;1530;;;;"Bischoff, Frank-Ronald (AfD)"
"E";"06.09.2026";"WKR";"017";"Quedlinburg";"U";47762;26068;349;25719;3643;14034;1729;1769;515;1730;358;73;269;94;93;137;1191;39;45;386;25682;4641;13968;2158;1439;541;1085;592;;;;;;1014;;;244;
"E";"06.09.2026";"WKR";"017";"Quedlinburg";"B";;10861;73;10788;2843;2578;1106;1415;335;1226;197;15;143;54;45;83;709;19;20;93;10768;3391;2518;1307;1217;300;882;349;;;;;;654;;;150;
"E";"06.09.2026";"WKR";"017";"Quedlinburg";"";47762;36929;422;36507;6486;16612;2835;3184;850;2956;555;88;412;148;138;220;1900;58;65;479;36450;8032;16486;3465;2656;841;1967;941;;;;;;1668;;;394;"Möhring, Dennis (AfD)"
"E";"06.09.2026";"WKR";"018";"Aschersleben";"U";36628;21082;276;20806;3073;11414;1420;1270;369;990;165;31;238;92;40;124;1404;99;77;278;20804;3509;11328;1667;1345;442;452;;;;;;;1748;313;;;
"E";"06.09.2026";"WKR";"018";"Aschersleben";"B";;6490;29;6461;1635;1792;611;778;198;485;72;6;77;37;18;55;615;50;32;47;6443;1761;1685;653;777;221;263;;;;;;;954;129;;;
"E";"06.09.2026";"WKR";"018";"Aschersleben";"";36628;27572;305;27267;4708;13206;2031;2048;567;1475;237;37;315;129;58;179;2019;149;109;325;27247;5270;13013;2320;2122;663;715;;;;;;;2702;442;;;"Rausch, Daniel (AfD)"
"E";"06.09.2026";"WKR";"019";"Staßfurt";"U";33885;19818;225;19593;2775;11892;1246;1001;345;634;154;14;232;102;37;120;964;27;50;239;19579;4256;11802;1234;734;442;251;;;;;;;860;;;;
"E";"06.09.2026";"WKR";"019";"Staßfurt";"B";;5668;28;5640;1481;1752;615;633;183;358;79;4;60;41;6;26;375;10;17;34;5634;2188;1669;593;370;223;136;;;;;;;455;;;;
"E";"06.09.2026";"WKR";"019";"Staßfurt";"";33885;25486;253;25233;4256;13644;1861;1634;528;992;233;18;292;143;43;146;1339;37;67;273;25213;6444;13471;1827;1104;665;387;;;;;;;1315;;;;"Büttner, Matthias (AfD)"
"E";"06.09.2026";"WKR";"020";"Schönebeck";"U";43251;26158;314;25844;3888;13654;1911;1924;628;1415;195;47;365;136;53;181;1326;38;83;347;25811;5197;13997;2298;1931;806;544;;;;;;;1038;;;;
"E";"06.09.2026";"WKR";"020";"Schönebeck";"B";;7140;40;7100;1848;1894;769;960;268;648;55;13;89;46;8;44;420;14;24;66;7074;2378;1862;886;916;356;256;;;;;;;420;;;;
"E";"06.09.2026";"WKR";"020";"Schönebeck";"";43251;33298;354;32944;5736;15548;2680;2884;896;2063;250;60;454;182;61;225;1746;52;107;413;32885;7575;15859;3184;2847;1162;800;;;;;;;1458;;;;"Rausch, Tobias (AfD)"
"E";"06.09.2026";"WKR";"021";"Bernburg";"U";44029;26192;307;25885;3657;14635;1861;1542;874;1091;203;37;334;112;51;164;1195;38;91;390;25802;4892;15170;2433;1351;1530;426;;;;;;;;;;;
"E";"06.09.2026";"WKR";"021";"Bernburg";"B";;7690;39;7651;1931;2206;809;850;376;702;62;8;96;45;21;34;465;14;32;76;7614;2590;2293;1068;654;731;278;;;;;;;;;;;
"E";"06.09.2026";"WKR";"021";"Bernburg";"";44029;33882;346;33536;5588;16841;2670;2392;1250;1793;265;45;430;157;72;198;1660;52;123;466;33416;7482;17463;3501;2005;2261;704;;;;;;;;;;;"Dr. Moldenhauer, Jan (AfD)"
"E";"06.09.2026";"WKR";"022";"Köthen";"U";47076;28365;327;28038;4163;15710;2032;1530;736;1345;327;33;323;138;43;178;1349;40;91;365;28000;6027;15800;2345;1301;835;618;;;;;;;1074;;;;
"E";"06.09.2026";"WKR";"022";"Köthen";"B";;8785;70;8715;2260;2677;965;894;295;722;94;4;112;50;31;44;529;20;18;104;8681;3275;2628;1073;606;263;336;;;;;;;500;;;;
"E";"06.09.2026";"WKR";"022";"Köthen";"";47076;37150;397;36753;6423;18387;2997;2424;1031;2067;421;37;435;188;74;222;1878;60;109;469;36681;9302;18428;3418;1907;1098;954;;;;;;;1574;;;;"Olenicak, Volker (AfD)"
"E";"06.09.2026";"WKR";"023";"Zerbst";"U";37644;22999;286;22713;3699;11941;1589;1579;642;1134;311;26;231;109;57;112;1166;31;86;421;22578;5192;12226;1993;1581;1055;531;;;;;;;;;;;
"E";"06.09.2026";"WKR";"023";"Zerbst";"B";;6951;45;6906;1839;1947;648;841;241;562;128;9;84;49;16;30;480;16;16;148;6803;2538;1913;887;749;423;293;;;;;;;;;;;
"E";"06.09.2026";"WKR";"023";"Zerbst";"";37644;29950;331;29619;5538;13888;2237;2420;883;1696;439;35;315;158;73;142;1646;47;102;569;29381;7730;14139;2880;2330;1478;824;;;;;;;;;;;"Rau, Phillipp-Anders (AfD)"
"E";"06.09.2026";"WKR";"024";"Wittenberg";"U";43624;23649;248;23401;4283;11539;1746;1561;430;1582;559;36;266;101;66;126;998;49;59;282;23367;5827;11832;2117;1359;432;590;1210;;;;;;;;;;
"E";"06.09.2026";"WKR";"024";"Wittenberg";"B";;10147;64;10083;2881;2430;1092;1200;293;1111;331;17;94;48;30;60;453;17;26;102;10045;4002;2521;1275;920;237;475;615;;;;;;;;;;
"E";"06.09.2026";"WKR";"024";"Wittenberg";"";43624;33796;312;33484;7164;13969;2838;2761;723;2693;890;53;360;149;96;186;1451;66;85;384;33412;9829;14353;3392;2279;669;1065;1825;;;;;;;;;;"Best, Andreas (AfD)"
"E";"06.09.2026";"WKR";"025";"Jessen";"U";39926;23939;269;23670;4007;13102;1538;1435;469;1016;492;35;235;90;44;107;1011;31;58;284;23655;5057;13307;1948;1209;463;433;1238;;;;;;;;;;
"E";"06.09.2026";"WKR";"025";"Jessen";"B";;7703;45;7658;2227;2223;766;737;176;565;235;8;90;47;12;50;477;17;28;91;7612;2757;2273;924;666;173;290;529;;;;;;;;;;
"E";"06.09.2026";"WKR";"025";"Jessen";"";39926;31642;314;31328;6234;15325;2304;2172;645;1581;727;43;325;137;56;157;1488;48;86;375;31267;7814;15580;2872;1875;636;723;1767;;;;;;;;;;"Lieschke, Matthias (AfD)"
"E";"06.09.2026";"WKR";"026";"Dessau-Roßlau";"U";39422;22209;247;21962;3537;9732;1768;2004;660;1964;173;19;266;90;52;121;1472;23;81;337;21872;5599;10413;2255;1728;1085;792;;;;;;;;;;;
"E";"06.09.2026";"WKR";"026";"Dessau-Roßlau";"B";;8104;35;8069;2112;1718;846;1111;331;1134;77;5;84;38;18;43;516;15;21;96;8008;3256;1776;1054;827;588;507;;;;;;;;;;;
"E";"06.09.2026";"WKR";"026";"Dessau-Roßlau";"";39422;30313;282;30031;5649;11450;2614;3115;991;3098;250;24;350;128;70;164;1988;38;102;433;29880;8855;12189;3309;2555;1673;1299;;;;;;;;;;;"Ratzmann, Burkhardt (AfD)"
"E";"06.09.2026";"WKR";"027";"Dessau-Roßlau-Wittenberg";"U";37374;21999;273;21726;3270;11066;1518;1598;499;1661;306;22;258;115;76;128;1106;27;76;294;21705;4910;11364;2016;1357;554;550;722;;;;;232;;;;;
"E";"06.09.2026";"WKR";"027";"Dessau-Roßlau-Wittenberg";"B";;7401;40;7361;1930;1772;742;927;256;899;154;19;104;44;16;32;432;7;27;83;7318;2889;1810;929;698;254;369;275;;;;;94;;;;;
"E";"06.09.2026";"WKR";"027";"Dessau-Roßlau-Wittenberg";"";37374;29400;313;29087;5200;12838;2260;2525;755;2560;460;41;362;159;92;160;1538;34;103;377;29023;7799;13174;2945;2055;808;919;997;;;;;326;;;;;"Koppehel, Nadine (AfD)"
"E";"06.09.2026";"WKR";"028";"Bitterfeld-Wolfen";"U";48822;26932;333;26599;3700;15124;1775;1637;592;1298;457;24;330;99;76;154;1224;39;70;362;26570;4505;15718;2157;1595;642;717;1236;;;;;;;;;;
"E";"06.09.2026";"WKR";"028";"Bitterfeld-Wolfen";"B";;10446;49;10397;2752;2950;1038;1231;291;914;298;9;144;59;24;55;574;20;38;81;10365;3240;3086;1385;1077;341;540;696;;;;;;;;;;
"E";"06.09.2026";"WKR";"028";"Bitterfeld-Wolfen";"";48822;37378;382;36996;6452;18074;2813;2868;883;2212;755;33;474;158;100;209;1798;59;108;443;36935;7745;18804;3542;2672;983;1257;1932;;;;;;;;;;"Roi, Daniel (AfD)"
"E";"06.09.2026";"WKR";"029";"Saalekreis";"U";42969;25551;261;25290;3722;14289;1463;1557;639;1393;216;29;245;87;50;141;1323;82;54;325;25226;5546;14773;1903;1185;1026;451;;;;;;;;342;;;
"E";"06.09.2026";"WKR";"029";"Saalekreis";"B";;9390;49;9341;2503;2705;795;1137;365;955;108;10;84;29;17;44;522;40;27;104;9286;3672;2773;1042;696;575;290;;;;;;;;238;;;
"E";"06.09.2026";"WKR";"029";"Saalekreis";"";42969;34941;310;34631;6225;16994;2258;2694;1004;2348;324;39;329;116;67;185;1845;122;81;429;34512;9218;17546;2945;1881;1601;741;;;;;;;;580;;;"Schröder, Florian (AfD)"
"E";"06.09.2026";"WKR";"030";"Eisleben";"U";45404;25520;298;25222;3556;15130;1666;1446;541;793;185;24;243;101;51;119;1213;96;58;362;25158;4510;15695;2281;1230;788;359;;;;;;;;295;;;
"E";"06.09.2026";"WKR";"030";"Eisleben";"B";;7948;37;7911;2084;2547;865;894;237;457;62;5;71;41;21;43;497;75;12;79;7869;2556;2679;1237;643;325;255;;;;;;;;174;;;
"E";"06.09.2026";"WKR";"030";"Eisleben";"";45404;33468;335;33133;5640;17677;2531;2340;778;1250;247;29;314;142;72;162;1710;171;70;441;33027;7066;18374;3518;1873;1113;614;;;;;;;;469;;;"Kretschmann, Reiner (AfD)"
"E";"06.09.2026";"WKR";"031";"Sangerhausen";"U";42413;24472;288;24184;3872;13500;1680;1556;504;906;188;40;255;105;58;116;1200;138;66;354;24118;5270;13998;2141;1177;730;468;;;;;;;;334;;;
"E";"06.09.2026";"WKR";"031";"Sangerhausen";"B";;7801;48;7753;2126;2260;808;907;233;543;75;8;83;46;15;37;489;90;33;86;7715;2880;2350;1008;578;361;334;;;;;;;;204;;;
"E";"06.09.2026";"WKR";"031";"Sangerhausen";"";42413;32273;336;31937;5998;15760;2488;2463;737;1449;263;48;338;151;73;153;1689;228;99;440;31833;8150;16348;3149;1755;1091;802;;;;;;;;538;;;"Gehlmann, Andreas (AfD)"
"E";"06.09.2026";"WKR";"032";"Querfurt";"U";44356;26156;304;25852;3837;15347;1474;1448;563;886;249;50;278;105;50;125;1277;112;51;380;25776;4746;15902;1961;1381;889;469;;;;;;;;428;;;
"E";"06.09.2026";"WKR";"032";"Querfurt";"B";;8281;54;8227;2317;2614;766;791;291;549;98;5;89;46;15;36;512;77;21;116;8165;2737;2715;1078;698;438;276;;;;;;;;223;;;
"E";"06.09.2026";"WKR";"032";"Querfurt";"";44356;34437;358;34079;6154;17961;2240;2239;854;1435;347;55;367;151;65;161;1789;189;72;496;33941;7483;18617;3039;2079;1327;745;;;;;;;;651;;;"Dr. Tillschneider, Hans-Thomas (AfD)"
"E";"06.09.2026";"WKR";"033";"Merseburg";"U";38482;19782;216;19566;2852;11246;1274;1173;387;1021;120;29;238;74;61;98;910;20;63;283;19499;3957;11736;1692;1086;636;392;;;;;;;;;;;
"E";"06.09.2026";"WKR";"033";"Merseburg";"B";;8531;26;8505;2487;2518;810;947;276;693;81;10;82;39;32;43;438;26;23;85;8446;3252;2579;1095;763;471;286;;;;;;;;;;;
"E";"06.09.2026";"WKR";"033";"Merseburg";"";38482;28313;242;28071;5339;13764;2084;2120;663;1714;201;39;320;113;93;141;1348;46;86;368;27945;7209;14315;2787;1849;1107;678;;;;;;;;;;;"Wald, Daniel (AfD)"
"E";"06.09.2026";"WKR";"034";"Bad Dürrenberg-Saalekreis";"U";44210;25855;220;25635;3792;14400;1422;1626;645;1535;264;33;294;95;50;136;1239;35;69;257;25598;5114;14552;1872;1414;914;575;;;;;;;1157;;;;
"E";"06.09.2026";"WKR";"034";"Bad Dürrenberg-Saalekreis";"B";;9166;47;9119;2657;2586;829;956;303;889;76;10;101;39;35;50;543;17;28;71;9095;3275;2577;1074;804;460;322;;;;;;;583;;;;
"E";"06.09.2026";"WKR";"034";"Bad Dürrenberg-Saalekreis";"";44210;35021;267;34754;6449;16986;2251;2582;948;2424;340;43;395;134;85;186;1782;52;97;328;34693;8389;17129;2946;2218;1374;897;;;;;;;1740;;;;"Köhler, Gordon (AfD)"
"E";"06.09.2026";"WKR";"035";"Halle I";"U";36710;18567;257;18310;2521;8798;1665;1665;419;1601;134;22;223;84;38;100;961;28;51;300;18267;3816;9059;2221;1409;439;561;;;;;;;762;;;;
"E";"06.09.2026";"WKR";"035";"Halle I";"B";;6572;32;6540;1404;1558;823;942;212;887;55;10;69;38;20;37;454;9;22;56;6516;2148;1599;1148;686;198;328;;;;;;;409;;;;
"E";"06.09.2026";"WKR";"035";"Halle I";"";36710;25139;289;24850;3925;10356;2488;2607;631;2488;189;32;292;122;58;137;1415;37;73;356;24783;5964;10658;3369;2095;637;889;;;;;;;1171;;;;"Raue, Alexander (AfD)"
"E";"06.09.2026";"WKR";"036";"Halle II";"U";46179;23576;199;23377;2843;7318;2657;2764;700;4973;182;49;276;90;89;111;1191;45;89;241;23335;4043;7368;6255;2172;791;1481;;;;;;;1018;;;207;
"E";"06.09.2026";"WKR";"036";"Halle II";"B";;12984;64;12920;2182;1684;1759;2245;445;3490;114;20;107;72;46;52;620;29;55;90;12894;2797;1650;4461;1747;545;1014;;;;;;;561;;;119;
"E";"06.09.2026";"WKR";"036";"Halle II";"";46179;36560;263;36297;5025;9002;4416;5009;1145;8463;296;69;383;162;135;163;1811;74;144;331;36229;6840;9018;10716;3919;1336;2495;;;;;;;1579;;;326;"Hartenstein-Wiermann, Gitta Susann (Die Linke)"
"E";"06.09.2026";"WKR";"037";"Halle III";"U";47671;24133;184;23949;2403;5926;3131;2798;613;7357;145;28;181;59;92;100;982;27;107;193;23940;3061;5793;8587;1582;784;2840;385;;;;;;908;;;;
"E";"06.09.2026";"WKR";"037";"Halle III";"B";;16429;36;16393;2157;1470;2450;2606;492;6228;111;22;82;44;47;39;565;27;53;50;16379;2620;1388;7587;1206;696;2065;271;;;;;;546;;;;
"E";"06.09.2026";"WKR";"037";"Halle III";"";47671;40562;220;40342;4560;7396;5581;5404;1105;13585;256;50;263;103;139;139;1547;54;160;243;40319;5681;7181;16174;2788;1480;4905;656;;;;;;1454;;;;"Balint, Jannik-Loris (Die Linke)"
"E";"06.09.2026";"WKR";"038";"Halle IV";"U";44344;22991;300;22691;3013;10916;1762;2252;623;1904;190;36;265;103;66;142;1292;41;86;321;22670;4425;11192;2097;2611;644;665;;;;;;;1036;;;;
"E";"06.09.2026";"WKR";"038";"Halle IV";"B";;9288;45;9243;2087;2165;1016;1569;327;1117;110;17;115;67;32;40;515;27;39;68;9220;2948;2086;1097;1734;297;430;;;;;;;628;;;;
"E";"06.09.2026";"WKR";"038";"Halle IV";"";44344;32279;345;31934;5100;13081;2778;3821;950;3021;300;53;380;170;98;182;1807;68;125;389;31890;7373;13278;3194;4345;941;1095;;;;;;;1664;;;;"Backmund, Paul (AfD)"
"E";"06.09.2026";"WKR";"039";"Weißenfels";"U";41252;24475;249;24226;3417;14207;1759;1359;529;1044;212;35;288;111;58;121;978;39;69;347;24128;4705;14389;2206;1549;884;395;;;;;;;;;;;
"E";"06.09.2026";"WKR";"039";"Weißenfels";"B";;7221;43;7178;1814;2245;718;827;241;580;67;9;92;49;19;43;425;17;32;103;7118;2415;2275;916;912;380;220;;;;;;;;;;;
"E";"06.09.2026";"WKR";"039";"Weißenfels";"";41252;31696;292;31404;5231;16452;2477;2186;770;1624;279;44;380;160;77;164;1403;56;101;450;31246;7120;16664;3122;2461;1264;615;;;;;;;;;;;"Jonas, Dirk (AfD)"
"E";"06.09.2026";"WKR";"040";"Naumburg";"U";44790;25610;275;25335;3899;13696;1837;1483;611;1469;243;65;472;101;53;130;1159;55;62;295;25315;6203;13875;2041;955;626;643;;813;;;;;;;;159;
"E";"06.09.2026";"WKR";"040";"Naumburg";"B";;8975;42;8933;2433;2400;929;1025;311;823;119;27;179;45;17;36;518;33;38;62;8913;3821;2411;1011;508;312;408;;316;;;;;;;;126;
"E";"06.09.2026";"WKR";"040";"Naumburg";"";44790;34585;317;34268;6332;16096;2766;2508;922;2292;362;92;651;146;70;166;1677;88;100;357;34228;10024;16286;3052;1463;938;1051;;1129;;;;;;;;285;"Waehler, Juliane (AfD)"
"E";"06.09.2026";"WKR";"041";"Zeitz";"U";42292;24164;275;23889;3311;14416;1579;1269;401;871;440;38;217;101;46;91;965;38;106;293;23871;3923;14350;1743;1247;426;374;878;;;;;;752;;178;;
"E";"06.09.2026";"WKR";"041";"Zeitz";"B";;7960;35;7925;2021;2583;830;847;206;497;219;11;82;41;20;46;464;15;43;58;7902;2280;2507;904;795;205;268;437;;;;;;423;;83;;
"E";"06.09.2026";"WKR";"041";"Zeitz";"";42292;32124;310;31814;5332;16999;2409;2116;607;1368;659;49;299;142;66;137;1429;53;149;351;31773;6203;16857;2647;2042;631;642;1315;;;;;;1175;;261;;"Waehler, Lothar (AfD)"
